"REC_NUM","ID","sex","age","subsection","season","TOTLNGTH","head","skull","humerus","ulna","wtkg"
61,39,"Female",2,1,4,131,45,28,NA,NA,49.77
62,39,"Female",2,1,1,NA,NA,NA,NA,NA,42.08
63,5,"Male",2,NA,4,148,49,31,NA,NA,63.35
64,5,"Male",2,NA,1,153,49,31,NA,NA,54.3
65,29,"Male",2,NA,4,121,46,29,NA,NA,39.37
66,29,"Male",2,NA,1,NA,NA,NA,NA,NA,34.84
67,27,"Male",3,NA,4,176,61,33,NA,NA,122.2
68,33,"Female",9,1,4,156,57,31,NA,NA,100.5
69,33,"Female",9,1,1,159,57,31,NA,NA,77.38
70,12,"Female",4,1,4,170,53,34,NA,NA,79.19
71,12,"Female",4,1,1,NA,NA,NA,NA,NA,62.44
73,43,"Male",2,NA,4,140,46,29,NA,NA,40.72
74,43,"Male",2,NA,1,144,45,27,NA,NA,35.29
75,25,"Female",13,1,4,183,59,34,NA,NA,133
76,25,"Female",13,1,1,179,56,33,NA,NA,90.5
80,56,"Female",8,1,4,158,48,32,NA,NA,66.97
81,74,"Female",1,1,4,95,36,23,NA,NA,18.1
82,76,"Female",1,1,4,92,39,23,NA,NA,17.65
83,78,"Female",1,1,4,99,38,24,NA,NA,18.55
84,56,"Female",8,1,1,149,52,33,NA,NA,59.73
85,74,"Female",1,1,1,94,36,24,NA,NA,14.93
86,76,"Female",1,1,1,92,34,24,NA,NA,16.74
87,78,"Female",1,1,1,97,37,25,NA,NA,18.1
88,10,"Female",10,1,4,191,61,34,NA,NA,135.7
89,10,"Female",10,1,1,192,59,33,NA,NA,107.7
95,35,"Male",4,NA,4,179,58,33,NA,NA,117.6
97,21,"Male",4,NA,4,175,58,32,NA,NA,106.3
98,37,"Male",3,NA,1,164,56,34,NA,NA,85.07
99,71,"Male",3,NA,1,154,52,29,NA,NA,61.09
100,47,"Female",2,2,1,NA,42,27,NA,NA,36.2
101,21,"Male",4,NA,1,163,61,33,NA,NA,95.02
102,63,"Male",4,NA,1,169,54,33,NA,NA,58.37
140,39,"Female",3,1,4,158,52,31,NA,NA,85.97
141,74,"Female",2,1,4,120,42,29,NA,NA,31.67
142,76,"Female",2,1,4,118,40,28,NA,NA,27.15
143,29,"Male",3,NA,4,163,53,32,NA,NA,64.25
144,56,"Female",9,1,4,158,53,33,NA,NA,92.31
145,78,"Female",2,1,4,121,46,28,NA,NA,36.65
146,143,"Female",5,2,4,152,55,32,NA,NA,80.54
147,43,"Male",3,NA,4,154,52,33,NA,NA,75.57
148,162,"Female",5,1,4,154,50,30,NA,NA,59.73
149,168,"Male",1,NA,4,102,38,24,NA,NA,20.36
150,166,"Male",1,NA,4,106,39,25,NA,NA,23.08
151,33,"Female",10,1,4,170,58,30,NA,NA,85.07
152,105,"Female",1,1,4,97,39,24,NA,NA,27.6
153,103,"Male",1,1,4,106,42,24,NA,NA,32.13
154,25,"Female",14,1,4,188,57,33,NA,NA,108.6
155,111,"Male",1,1,4,108,43,26,NA,NA,35.29
156,113,"Female",1,1,4,116,40,25,NA,NA,32.58
157,115,"Male",1,1,4,118,43,25,NA,NA,37.56
158,133,"Male",5,NA,1,183,63,38,NA,NA,123.1
159,29,"Male",3,NA,1,142,51,31,NA,NA,56.11
160,129,"Male",9,NA,1,176,65,36,NA,NA,116.3
161,143,"Female",5,2,1,151,52,32,NA,NA,62.44
164,39,"Female",3,1,1,NA,51,30,NA,NA,66.97
167,21,"Male",5,NA,1,184,64,34,NA,NA,119.5
168,127,"Female",9,1,1,192,58,36,NA,NA,105
171,67,"Male",4,NA,1,171,60,35,NA,NA,90.5
172,56,"Female",9,1,1,155,50,34,NA,NA,74.21
176,43,"Male",3,NA,1,161,51,31,NA,NA,70.14
177,74,"Female",2,1,1,127,41,28,NA,NA,25.79
178,76,"Female",2,1,1,120,39,27.5,NA,NA,22.17
179,160,"Female",11,1,1,160,57,33,NA,NA,92.31
182,149,"Female",11,1,1,149,53,33,NA,NA,65.61
183,197,"Male",1,1,1,98,40,25,NA,NA,24.43
184,199,"Female",1,1,1,104,36,24,NA,NA,18.1
185,147,"Male",4,NA,1,175,59,36,NA,NA,90.95
186,25,"Female",14,1,1,169,54,32,NA,NA,97.74
187,115,"Male",1,1,1,118,43,25,NA,NA,33.48
188,113,"Female",1,1,1,110,42,25,NA,NA,29.86
189,111,"Male",1,1,1,125,42,24,NA,NA,31.67
190,78,"Female",2,1,1,125,43,29,NA,NA,32.13
191,12,"Female",5,1,1,177,55,35,NA,NA,95.02
195,33,"Female",10,1,1,173,54,31,NA,NA,68.78
196,103,"Male",1,1,1,110,40,26,NA,NA,25.79
197,105,"Female",1,1,1,108,39,23,NA,NA,22.17
198,166,"Male",1,NA,1,103,38,25,NA,NA,19
199,168,"Male",1,NA,1,104,38,26,NA,NA,17.19
200,162,"Female",5,1,1,162,50,31,NA,NA,51.58
201,125,"Female",3,1,1,150,49,31,NA,NA,58.37
202,10,"Female",11,1,1,175,59,35,NA,NA,95.93
203,119,"Male",1,1,1,101,39,24,NA,NA,19.46
204,121,"Female",1,1,1,113,39,25,NA,NA,23.08
205,123,"Male",1,1,1,103,38,24,NA,NA,19.91
206,117,"Female",1,1,1,116,40,23,NA,NA,22.17
207,141,"Female",5,1,1,157,55,32,NA,NA,75.57
211,158,"Female",8,NA,1,145,53,31,NA,NA,57.01
212,183,"Male",1,NA,1,107,38,25,NA,NA,19.91
213,174,"Female",1,1,1,99,37,25,NA,NA,14.93
214,127,"Female",9,1,1,NA,NA,NA,NA,NA,88.24
243,241,"Female",5,1,4,157,54,33,NA,NA,77.83
244,237,"Female",6,1,4,148,55,30,NA,NA,81.45
245,76,"Female",3,1,4,135,48,29,NA,NA,45.25
246,74,"Female",3,1,4,143,47,32,NA,NA,50.23
247,149,"Female",12,1,4,150,55,33,NA,NA,102.7
248,78,"Female",3,1,4,142,46,32,NA,NA,53.85
249,145,"Female",9,2,4,NA,50,33,NA,NA,55.2
250,265,"Male",1,2,4,118,40,25,NA,NA,23.08
251,143,"Female",6,2,4,151,55,31,NA,NA,66.06
252,267,"Male",1,2,4,98,38,24,NA,NA,19.91
253,141,"Female",6,1,4,100,55,32,NA,NA,81
254,225,"Female",1,1,4,109,41,25,NA,NA,24.89
255,227,"Male",1,1,4,108,42,25,NA,NA,27.15
256,125,"Female",4,1,4,147,54,32,NA,NA,101.8
257,29,"Male",4,NA,4,178,61,35,NA,NA,113.1
258,56,"Female",10,1,4,160,52,33,NA,NA,72.4
259,213,"Female",1,1,4,93,36,22,NA,NA,21.72
260,211,"Male",1,1,4,113,38,23,NA,NA,23.08
261,209,"Female",1,1,4,107,38,21,NA,NA,22.62
262,231,"Female",3,1,4,128,46,28,NA,NA,43.44
263,39,"Female",4,1,4,152,50,30,NA,NA,64.25
264,203,"Male",1,1,4,107,42,28,NA,NA,25.34
265,201,"Female",1,1,4,95,39,26,NA,NA,21.27
266,245,"Female",3,1,4,156,50,31,NA,NA,60.63
267,35,"Male",6,NA,4,167,67,38,NA,NA,178.7
268,139,"Female",7,2,4,153,48,31,NA,NA,54.75
269,273,"Female",1,2,4,89,32,24,NA,NA,14.48
270,275,"Male",1,2,4,101,37,24,NA,NA,18.55
271,277,"Female",1,2,4,84,37,23,NA,NA,16.29
272,215,"Male",1,1,4,121,40,26,NA,NA,35.29
273,217,"Male",1,1,4,118,44,27,NA,NA,35.29
274,135,"Female",8,2,4,170,56,31,NA,NA,64.25
275,283,"Male",1,2,4,81,33,20,NA,NA,11.31
276,281,"Female",1,2,4,96,36,23,NA,NA,13.57
277,279,"Male",1,2,4,85,37,22,NA,NA,14.03
278,233,"Male",4,1,1,156,55,33,NA,NA,73.3
279,231,"Female",3,1,1,129,45,29,NA,NA,38.01
280,21,"Male",6,NA,1,185,68,36,NA,NA,130.3
281,29,"Male",4,NA,1,168,58,38,NA,NA,99.55
282,78,"Female",3,1,1,133,39,32,NA,NA,51.13
283,67,"Male",5,NA,1,168,65,37,NA,NA,102.7
284,74,"Female",3,1,1,124,46,31,NA,NA,42.53
285,35,"Male",6,NA,1,184,64,38,NA,NA,158.4
286,245,"Female",3,1,1,144,47,30,NA,NA,53.85
287,76,"Female",3,1,1,122,46,29,NA,NA,36.65
288,241,"Female",5,1,1,151,52,33,NA,NA,59.73
290,56,"Female",10,1,1,148,51,32,NA,NA,65.16
291,213,"Female",1,1,1,94,33,24,NA,NA,19.46
292,209,"Female",1,1,1,96,37,24,NA,NA,19.46
293,211,"Male",1,1,1,92,37,26,NA,NA,21.27
294,143,"Female",6,2,1,146,52,32,NA,NA,56.11
295,267,"Male",1,2,1,100,37,24,NA,NA,16.29
296,39,"Female",4,1,1,143,50,33,NA,NA,52.49
297,203,"Male",1,1,1,112,42,27,NA,NA,23.08
298,201,"Female",1,1,1,96,37,25,NA,NA,17.19
299,149,"Female",12,1,1,142,52,33,NA,NA,70.59
303,139,"Female",7,2,1,150,48,33,NA,NA,46.15
304,273,"Female",1,2,1,85,35,24,NA,NA,11.76
305,275,"Male",1,2,1,90,35,23,NA,NA,14.48
306,277,"Female",1,2,1,86,34,22,NA,NA,12.67
307,160,"Female",12,1,1,144,54,32,NA,NA,72.4
308,215,"Male",1,1,1,111,42,25,NA,NA,32.13
309,217,"Male",1,1,1,108,43,27,NA,NA,33.03
310,141,"Female",6,1,1,150,54,33,NA,NA,67.42
311,225,"Female",1,1,1,98,42,24,NA,NA,22.62
312,227,"Male",1,1,1,101,41,25,NA,NA,25.34
313,237,"Female",6,1,1,149,51,31,NA,NA,57.92
317,125,"Female",4,1,1,140,53,33,NA,NA,77.38
320,135,"Female",8,2,1,159,54,32,NA,NA,59.73
321,281,"Female",1,2,1,86,35,23,NA,NA,12.22
322,283,"Male",1,2,1,93,34,22,NA,NA,10.41
323,279,"Male",1,2,1,86,36,24,NA,NA,12.67
324,162,"Female",6,1,1,142,50,32,NA,NA,56.11
367,141,"Female",7,1,4,151,56,32,NA,NA,125.3
368,10,"Female",13,1,4,164,55,34,NA,NA,101.8
369,343,"Male",1,1,4,104,40,22,NA,NA,31.22
370,350,"Male",1,1,4,109,39,26,NA,NA,30.77
371,353,"Male",1,1,4,120,41,26,NA,NA,34.39
372,345,"Female",1,1,4,101,39,24,NA,NA,24.89
373,39,"Female",5,1,4,NA,55,35,NA,NA,111.8
374,125,"Female",5,1,4,147,53,32,NA,NA,92.31
375,315,"Male",1,1,4,98,38,25,NA,NA,29.41
376,317,"Male",1,1,4,98,38,24,NA,NA,30.32
377,29,"Male",5,NA,4,175,61,31,NA,NA,131.7
378,227,"Male",2,1,4,136,54,32,NA,NA,72.4
379,281,"Female",2,2,4,116,41,26,NA,NA,32.58
380,283,"Male",2,2,4,111,42,29,NA,NA,29.86
381,241,"Female",6,1,4,146,56,32,NA,NA,72.4
382,301,"Male",1,1,4,90,40,26,NA,NA,22.62
383,279,"Male",2,2,4,117,44,28,NA,NA,33.03
384,129,"Male",11,NA,4,172,64,36,NA,NA,143.4
385,305,"Male",1,1,4,94,38,25,NA,NA,26.24
386,303,"Male",1,1,4,100,37,25,NA,NA,29.86
387,307,"Male",1,1,4,94,40,25,NA,NA,28.05
388,149,"Female",13,1,4,138,53,34,NA,NA,82.35
389,143,"Female",7,2,4,149,55,33,NA,NA,85.97
390,273,"Female",2,2,4,120,43,27,NA,NA,29.86
391,333,"Female",3,1,4,158,51,32,NA,NA,71.04
392,211,"Male",2,1,1,127,47,30,NA,NA,40.72
393,267,"Male",2,2,1,125,46,29,NA,NA,33.94
394,117,"Female",3,1,1,149,51,33,NA,NA,67.87
395,335,"Male",4,NA,1,174,65,38,NA,NA,126.2
396,25,"Female",16,1,1,168,55,32,NA,NA,99.55
397,355,"Female",1,1,1,119,43,26,NA,NA,31.67
398,337,"Male",1,1,1,116,40,27,NA,NA,34.84
399,201,"Female",2,1,1,127,46,32,NA,NA,47.06
400,149,"Female",13,1,1,149,52,34,NA,NA,73.3
401,305,"Male",1,1,1,99,39,25,NA,NA,24.89
402,307,"Male",1,1,1,92,40,26,NA,NA,26.24
403,303,"Male",1,1,1,109,40,26,NA,NA,28.96
404,12,"Female",7,1,1,157,55,36,NA,NA,81
405,325,"Female",2,NA,1,130,45,28,NA,NA,41.63
406,341,"Male",2,1,1,137,48,30,NA,NA,47.06
407,339,"Male",2,1,1,143,48,29,NA,NA,52.04
408,35,"Male",7,NA,1,180,66,40,NA,NA,171.9
409,18,"Male",13,NA,1,200,69,39,NA,NA,166.1
410,39,"Female",5,1,1,145,52,32,NA,NA,86.88
412,162,"Female",7,1,1,145,48,32,NA,NA,44.34
413,281,"Female",2,2,1,118,41,28,NA,NA,27.15
414,139,"Female",8,2,1,144,47,32,NA,NA,58.82
418,76,"Female",4,1,1,133,48,34,NA,NA,58.82
419,56,"Female",11,1,1,159,51,33,NA,NA,93.67
422,21,"Male",7,NA,1,178,65,38,NA,NA,154.8
423,74,"Female",4,1,1,141,48,34,NA,NA,64.25
426,241,"Female",6,1,1,155,52,33,NA,NA,62.44
427,301,"Male",1,1,1,92,38,25,NA,NA,19.91
428,160,"Female",13,1,1,155,52,33,NA,NA,84.62
432,78,"Female",4,1,1,145,48,33,NA,NA,59.73
435,141,"Female",7,1,1,148,51,31,NA,NA,86.88
439,143,"Female",7,2,1,145,50,33,NA,NA,60.63
443,273,"Female",2,2,1,116,39,27,NA,NA,24.43
488,283,"Male",3,2,4,128,45,32,NA,NA,49.77
490,76,"Female",5,1,4,147,52,34,NA,NA,85.97
491,201,"Female",3,1,4,125,50,30,NA,NA,73.3
492,353,"Male",2,1,4,135,46,28,NA,NA,54.3
493,279,"Male",3,2,4,122,46,26,NA,NA,40.72
494,21,"Male",8,NA,4,178,70,36,NA,NA,196.4
495,281,"Female",3,2,4,141,45,29,NA,NA,43.44
496,139,"Female",9,2,4,140,50,32,NA,NA,57.92
497,407,"Male",1,2,4,90,36,25,NA,NA,15.38
498,409,"Female",1,2,4,86,33,22,NA,NA,13.57
499,411,"Female",1,2,4,89,34,22,NA,NA,14.48
500,461,"Male",6,NA,4,161,59,35,NA,NA,121.3
501,211,"Male",3,1,4,141,50,31,NA,NA,62.44
502,23,"Male",12,NA,4,178,70,38,NA,NA,206.8
503,141,"Female",8,1,4,158,55,32,NA,NA,77.83
504,433,"Male",1,1,4,104,40,25,NA,NA,25.34
505,435,"Female",1,1,4,100,38,23,NA,NA,18.55
506,437,"Female",1,1,4,108,40,23,NA,NA,20.81
507,453,"Male",6,NA,4,157,66,36,NA,NA,105
509,447,"Male",5,NA,4,185,67,37,NA,NA,139.4
510,56,"Female",12,1,4,149,56,32,NA,NA,82.35
511,405,"Male",1,1,4,102,43,24,NA,NA,31.67
513,335,"Male",5,NA,4,183,74,39,NA,NA,158.8
514,267,"Male",3,2,1,146,50,32,NA,NA,47.06
515,35,"Male",8,NA,1,176,73,39,NA,NA,205.9
516,131,"Male",10,NA,1,174,65,36,NA,NA,149.8
517,78,"Female",5,1,1,141,51,32,NA,NA,60.63
518,431,"Female",1,1,1,89,32,22,NA,NA,16.29
519,429,"Female",1,1,1,88,36,22,NA,NA,15.38
520,129,"Male",12,NA,1,175,65,34,NA,NA,134.8
521,337,"Male",2,1,1,156,50,31,NA,NA,70.59
522,18,"Male",14,NA,1,NA,69,37,NA,NA,158.4
523,343,"Male",2,1,1,141,45,30,NA,NA,40.72
524,341,"Male",3,1,1,156,54,32,NA,NA,71.04
525,273,"Female",3,2,1,140,44,29,NA,NA,43.44
526,445,"Male",4,NA,1,172,60,33,NA,NA,102.7
527,127,"Female",12,1,1,167,54,35,NA,NA,64.25
528,503,"Male",1,1,1,122,42,22,NA,NA,31.22
529,501,"Female",1,1,1,97,37,21,NA,NA,19
531,143,"Female",8,2,1,153,52,32,NA,NA,60.63
532,443,"Female",1,2,1,84,32,20,NA,NA,9.05
533,441,"Female",1,2,1,77,33,20,NA,NA,9.05
535,10,"Female",14,1,1,167,60,35,NA,NA,140.3
539,511,"Male",1,1,1,80,35,20,NA,NA,12.67
540,513,"Female",1,1,1,96,37,20,NA,NA,19
541,515,"Male",1,1,1,84,37,22,NA,NA,17.65
542,201,"Female",3,1,1,142,52,32,NA,NA,63.35
543,139,"Female",9,2,1,147,48,32,NA,NA,52.49
544,407,"Male",1,2,1,87,36,22,NA,NA,13.57
545,409,"Female",1,2,1,86,34,22,NA,NA,12.22
546,411,"Female",1,2,1,89,34,23,NA,NA,11.76
547,25,"Female",17,1,1,182,52,33,NA,NA,96.83
551,39,"Female",6,1,1,159,53,31,NA,NA,88.69
555,125,"Female",6,1,1,148,54,32,NA,NA,79.64
558,237,"Female",8,1,1,154,53,31,NA,NA,60.63
562,241,"Female",7,1,1,154,52,31,NA,NA,68.78
565,162,"Female",8,1,1,150,49,30,NA,NA,66.06
569,199,"Female",4,1,1,139,49,31,NA,NA,68.78
571,149,"Female",14,1,1,143,52,33,NA,NA,95.48
575,117,"Female",4,1,1,155,53,32,NA,NA,73.3
578,74,"Female",5,1,1,160,53,32,NA,NA,95.93
579,76,"Female",5,1,1,144,49,33,NA,NA,55.2
582,333,"Female",4,1,1,153,51,32,NA,NA,64.25
819,433,"Male",2,1,4,137,51,30,32,26,77.38
820,443,"Female",2,2,4,104,32,25,31,20,20.36
821,441,"Female",2,2,4,98,37,25,23,20,19
822,273,"Female",4,2,4,NA,45,32,30,25,50.68
823,594,"Male",2,NA,4,123,44,27,NA,NA,44.8
824,584,"Male",3,NA,4,129,50,32,29,27,65.16
825,596,"Male",3,NA,4,139,53,31,NA,NA,71.49
826,411,"Female",2,2,4,109,37,26,22,21,21.27
827,409,"Female",2,2,4,112,38,26,20,19,21.72
828,437,"Female",2,1,4,123,48,26,23,20,47.06
831,503,"Male",2,1,4,149,48,30,27,27,54.3
832,527,"Male",1,1,4,106,40,27,20,18,26.24
833,457,"Male",4,NA,4,168,59,34,NA,28,114
834,129,"Male",13,NA,4,174,64,35,35,30,153.8
835,279,"Male",4,2,4,140,53,32,29,27,70.14
836,597,"Male",2,NA,4,132,48,28,NA,27,68.78
837,211,"Male",4,1,4,154,54,34,31,30,90.95
838,445,"Male",5,NA,4,165,59,35,33,31,116.7
839,35,"Male",9,NA,4,182,68,39,35,33,162.9
840,267,"Male",4,2,4,147,53,34,28,26,77.83
841,133,"Male",9,NA,1,182,71,38,36,31,164.3
842,335,"Male",6,NA,1,181,69,40,34,31,166.1
843,237,"Female",9,1,1,143,50,31,26,30,57.47
844,535,"Female",1,1,1,78,35,23,19,15,16.29
845,537,"Male",1,1,1,88,36,23,NA,16,19
846,455,"Male",5,NA,1,181,63,39,32,32,161.5
847,25,"Female",18,1,1,165,53,33,NA,NA,93.67
848,519,"Female",1,1,1,108,39,26,20,21,25.34
849,521,"Female",1,1,1,98,37,24,18,18,25.34
850,251,"Male",8,NA,1,166,66,36,34,31,139.4
851,78,"Female",6,1,1,131,53,32,30,28,74.21
852,429,"Female",2,1,1,114,41,27,22,22,36.2
853,431,"Female",2,1,1,108,41,27,22,20,34.39
854,501,"Female",2,1,1,123,43,28,23,25,42.99
855,241,"Female",8,1,1,153,54,33,31,27,68.78
856,541,"Female",1,1,1,96,36,23,18,18,18.1
857,76,"Female",6,1,1,139,53,33,28,26,57.47
858,561,"Female",1,1,1,81,35,20,15,15,11.76
859,563,"Female",1,1,1,90,36,23,18,17,16.29
860,125,"Female",7,1,1,135,52,33,NA,NA,88.24
861,529,"Male",1,1,1,97,39,23,20,20,28.05
862,531,"Female",1,1,1,93,39,23,18,19,24.89
863,162,"Female",9,1,1,144,49,31,26,26,67.87
864,543,"Male",1,1,1,97,37,23,20,17,20.81
865,545,"Male",1,1,1,92,36,22,18,17,17.65
866,547,"Female",1,1,1,88,34,21,18,17,16.74
867,10,"Female",15,1,1,162,57,34,32,28,101.8
868,505,"Male",1,1,1,103,40,27,20,19,28.51
869,507,"Female",1,1,1,95,40,24,21,19,23.53
870,509,"Female",1,1,1,99,38,24,22,19,22.62
871,581,"Female",5,NA,1,133,46,30,27,24,44.34
872,56,"Female",13,1,1,141,50,32,29,29,81.45
876,583,"Female",6,NA,1,146,47,31,27,25,62.44
881,143,"Female",9,2,1,142,52,33,32,29,73.3
885,615,"Female",9,NA,1,143,48,32,28,28,69.23
888,333,"Female",5,1,1,148,54,34,33,27,73.3
889,141,"Female",9,1,1,154,56,32,29,28,105.9
893,127,"Female",13,1,1,160,51,37,29,27,63.35
894,221,"Female",4,1,1,152,48,31,31,25,62.44
896,273,"Female",4,2,1,136,44,31,27,25,45.25
897,139,"Female",10,2,1,149,49,33,27,27,64.25
901,624,"Male",7,NA,1,185,63,36,34,30,158.4
903,625,"Female",4,NA,1,147,45,31,27,23,49.77
915,127,"Female",13,1,1,NA,NA,NA,NA,NA,62.44
1027,437,"Female",3,1,4,136,49,31,28,26,66.97
1028,509,"Female",2,1,4,123,44,30,26,24,43.44
1029,243,"Male",16,NA,4,179,67,38,38,31,161.1
1030,555,"Male",2,1,4,119,45,30,26,21,44.34
1031,654,"Male",3,NA,4,131,52,31,29,24,59.73
1033,541,"Female",2,1,4,123,45,29,23,20,39.82
1034,559,"Female",2,1,4,118,42,29,22,19,37.56
1035,666,"Female",2,1,4,125,46,28,32,24,49.77
1036,441,"Female",3,2,4,105,40,27,20,20,25.34
1037,563,"Female",2,1,4,123,45,28,23,21,41.63
1038,529,"Male",2,1,4,123,48,30,24,23,51.58
1039,133,"Male",10,NA,4,180,71,39,37,28,199.1
1040,531,"Female",2,1,4,126,44,27,26,22,43.44
1041,501,"Female",3,1,4,146,46,31,28,26,53.85
1042,651,"Female",2,NA,4,121,42,27,25,24,36.2
1043,411,"Female",3,2,4,130,43,29,24,23,39.82
1044,409,"Female",3,2,4,126,42,29,25,23,33.48
1045,305,"Male",4,1,4,157,55,35,30,29,105.4
1046,659,"Female",4,1,4,144,50,30,29,27,59.73
1047,56,"Female",14,1,4,153,52,33,29,27,73.76
1048,601,"Female",1,1,4,97,34,24,20,19,25.34
1049,603,"Female",1,1,4,93,37,23,18,15,21.72
1050,605,"Female",1,1,4,99,38,22,19,18,26.7
1051,515,"Male",3,1,4,150,53,32,27,23,77.83
1052,584,"Male",4,NA,4,143,56,34,32,26,79.19
1053,543,"Male",2,1,4,112,45,29,23,20,43.89
1054,557,"Male",2,1,4,119,43,30,25,20,39.82
1055,423,"Female",3,2,4,124,45,28,23,25,45.25
1056,76,"Female",7,1,4,148,52,33,30,28,89.59
1057,445,"Male",6,NA,1,160,59,37,30,28,102.3
1058,143,"Female",10,2,1,154,52,34,28,29,67.87
1059,613,"Female",1,2,1,95,33,22,18,18,16.29
1060,614,"Female",1,2,1,85,33,22,18,18,14.93
1061,652,"Male",6,NA,1,180,67,38,37,29,171.5
1062,133,"Male",10,NA,1,178,71,38,37,30,187.3
1063,139,"Female",11,2,1,151,50,32,27,26,60.18
1064,621,"Female",1,2,1,89,34,22,16,17,13.57
1065,622,"Male",1,2,1,88,34,23,17,16,12.67
1066,623,"Male",1,2,1,94,34,23,18,16,15.84
1067,535,"Female",2,1,1,111,40,27,22,19,27.6
1068,521,"Female",2,1,1,133,44,30,23,25,40.72
1069,267,"Male",5,2,1,162,56,35,30,30,94.57
1070,453,"Male",8,NA,1,180,65,34,NA,NA,131.2
1071,279,"Male",5,2,1,167,58,35,32,27,101.8
1072,596,"Male",4,NA,1,156,57,35,34,29,104.1
1073,507,"Female",2,1,1,127,42,29,27,24,30.32
1074,429,"Female",3,1,1,135,46,30,28,24,51.58
1075,141,"Female",10,1,1,154,53,33,29,27,73.76
1076,618,"Female",1,1,1,113,42,24,19,18,33.48
1077,619,"Male",1,1,1,112,42,26,18,17,31.22
1078,620,"Male",1,1,1,113,43,25,19,17,33.48
1079,615,"Female",10,NA,1,144,47,32,27,25,43.89
1080,610,"Female",1,NA,1,88,34,24,17,16,14.48
1081,616,"Male",1,NA,1,78,34,23,15,14,12.67
1082,617,"Female",1,NA,1,88,35,23,18,17,13.57
1083,583,"Female",7,NA,1,142,49,31,25,24,58.82
1084,607,"Female",1,1,1,90,34,23,17,15,15.38
1085,608,"Female",1,1,1,89,35,23,17,16,16.29
1086,609,"Male",1,1,1,92,35,24,18,17,17.19
1087,625,"Female",5,NA,1,141,49,32,26,23,64.25
1090,659,"Female",4,1,1,142,48,31,28,26,53.39
1091,221,"Female",5,1,1,144,51,33,32,21,69.68
1094,201,"Female",5,1,1,154,53,35,28,26,75.11
1097,162,"Female",10,1,1,150,51,31,29,27,84.16
1101,78,"Female",7,1,1,150,51,34,29,28,76.92
1105,590,"Female",8,1,1,142,50,31,26,26,57.47
1109,237,"Female",10,1,1,153,53,32,30,28,71.49
1113,25,"Female",19,1,1,164,52,32,30,28,99.1
1117,273,"Female",5,2,1,140,48,33,26,26,59.73
1119,661,"Female",8,2,1,151,51,32,30,27,76.92
1123,281,"Female",5,2,1,147,49,31,29,28,58.82
1126,241,"Female",9,1,1,152,55,35,29,28,83.71
1130,76,"Female",7,1,1,139,48,33,29,26,65.16
1134,125,"Female",8,1,1,156,53,32,30,26,93.21
1136,10,"Female",16,1,1,163,58,35,31,28,119.5
1140,333,"Female",6,1,1,151,53,34,29,26,78.28
1198,509,"Female",3,1,4,137,46,31,29,26,51.58
1269,139,"Female",12,2,4,155,52,32,NA,27,93.21
1270,521,"Female",3,1,4,142,49,32,NA,26,79.64
1271,666,"Female",3,1,4,138,49,31,26,25,74.66
1272,441,"Female",4,2,4,117,43,28,24,23,34.84
1273,141,"Female",11,1,4,165,56.5,34,NA,28,143
1274,507,"Female",3,1,4,124,49,32,28,25.5,61.54
1275,243,"Male",17,NA,4,175,68,37,NA,35,200.5
1276,756,"Male",4,NA,4,165,59,39,32,31,123.5
1277,56,"Female",15,1,4,157,53,33,29,27,119.9
1278,605,"Female",2,1,4,119,42,27,23,24,42.99
1279,760,"Female",8,2,4,158,56,32,NA,26,81.9
1280,409,"Female",4,2,4,135,45,32,26,25,47.96
1281,125,"Female",9,1,4,142,55.5,33.5,NA,28,100.5
1282,734,"Male",1,1,4,104,40.5,27,22,20.5,35.75
1283,531,"Female",3,1,4,140,46,31.5,27.5,26,51.58
1284,281,"Female",6,2,4,146,51,32,28,27,60.18
1285,726,"Male",1,2,4,84,34,24,18,17,16.74
1286,727,"Female",1,2,4,94,36,25,18,17,18.1
1288,431,"Female",4,1,4,143,49,32,27,26,71.49
1289,501,"Female",4,1,4,151,48,32,27,26,76.02
1290,273,"Female",6,2,4,145,46.5,32.5,27.5,26.5,58.82
1291,722,"Male",1,2,4,95,35,24.5,18.5,19.5,20.81
1292,621,"Female",2,2,4,113,38,26.5,21.5,21.5,28.05
1293,622,"Male",2,2,4,118,39,27.5,22,22,30.77
1294,623,"Male",2,2,4,123,40,27.5,23,22.5,31.67
1295,515,"Male",4,1,4,149,56,35.5,31,29.5,91.4
1297,603,"Female",2,1,4,113,41,27.5,21.5,20.5,35.29
1298,559,"Female",3,1,4,141,47.5,32,26.5,25.5,60.63
1299,551,"Female",3,1,4,132,48.5,30.5,25.5,25.5,60.18
1301,751,"Female",4,NA,4,143,47,30,26,24.5,50.68
1302,545,"Male",3,1,4,131,47,31,26.5,26.5,54.3
1303,437,"Female",4,1,4,153,53,31.5,NA,28.5,99.55
1304,583,"Female",8,NA,4,146,49.5,32,NA,26.5,95.02
1305,755,"Male",4,NA,1,151,51,35,28,27,59.73
1306,557,"Male",3,1,1,146,46,32,27,26,46.15
1307,613,"Female",2,2,1,111,42,29,21,21,34.84
1308,25,"Female",20,1,1,168,52,33,28,28,91.4
1309,719,"Male",1,1,1,99,39,27,19,19,30.77
1310,720,"Male",1,1,1,110,NA,NA,NA,NA,29.86
1311,721,"Female",1,1,1,101,35,25,18,18,24.89
1312,669,"Male",4,NA,1,149,54,37,30,28,85.97
1313,752,"Male",4,NA,1,148,51,34,29,27,68.33
1314,584,"Male",5,NA,1,159,60.5,34,32.5,30.5,94.57
1315,453,"Male",9,NA,1,174,64,34,33,32,119
1317,710,"Male",1,1,1,102,39,24,18,18,23.53
1318,712,"Female",1,1,1,88,35,24,17,18,19.46
1319,541,"Female",3,1,1,136,49,31.5,24,26,48.87
1320,758,"Male",3,NA,1,151,51,34,29,29,71.95
1321,267,"Male",6,2,1,173,62,36.5,33,32.5,145.7
1322,279,"Male",6,2,1,170,60,37,32,32,110
1323,543,"Male",3,1,1,139,49,31,27,27,62.44
1324,241,"Female",10,1,1,159,53.5,34.5,NA,27.5,79.19
1325,728,"Male",1,1,1,NA,37,25,17,17,18.55
1326,729,"Male",1,1,1,97,39,25,17,18,23.98
1327,730,"Male",1,1,1,93,37,25,17,16,19.46
1328,237,"Female",11,1,1,162,NA,NA,NA,NA,56.11
1329,716,"Male",1,1,1,99,NA,NA,NA,NA,21.72
1330,717,"Male",1,1,1,97,37,25,19,19,21.72
1331,563,"Female",3,1,1,138,46,31,25.5,24.5,47.96
1332,162,"Female",11,1,1,141,50,31,28,26,64.71
1333,56,"Female",15,1,1,156,53,34,28,27,92.76
1337,666,"Female",3,1,1,142,46.5,31.5,25.5,25,58.37
1340,445,"Male",7,NA,1,170,61.5,37.5,33.5,31,131.2
1341,139,"Female",12,2,1,148,49,33,26,26,68.33
1344,141,"Female",11,1,1,166,55,33,28,29,110.4
1348,333,"Female",7,1,1,154,52,34,29,28,66.97
1349,738,"Male",1,1,1,103,38,25,21,20,24.89
1350,739,"Female",1,1,1,102,NA,NA,NA,NA,18.55
1351,760,"Female",8,2,1,147,51.5,32,27.5,28,62.44
1355,201,"Female",6,1,1,157,54,35,29,29,70.59
1356,705,"Male",1,1,1,99,38,26,19,18,22.62
1357,706,"Male",1,1,1,NA,39,26,NA,NA,23.98
1358,437,"Female",4,1,1,150,51,32,28,27,77.83
1362,583,"Female",8,NA,1,141,49,32,27,27,77.83
1364,429,"Female",4,1,1,150,48,31.5,27,27,57.01
1366,659,"Female",5,1,1,151,50,32,29,28,62.9
1370,656,"Male",7,NA,1,179,62,37.5,33,32,119.5
1371,501,"Female",4,1,1,154,48,32,29.5,29,63.35
1372,431,"Female",4,1,1,140,47.5,32,27,27.5,55.2
1505,719,"Male",2,1,4,131,45.5,31.5,26.5,25,51.58
1506,721,"Female",2,1,4,119,39,29,22.5,23,35.75
1507,862,"Male",5,NA,4,161,57,34.5,31,31,109.5
1508,603,"Female",3,1,4,132,45,30,25.5,24.5,44.34
1509,712,"Female",2,1,4,119,40,27.5,23.5,23,33.48
1510,243,"Male",18,NA,4,190,68,38,35.5,34,205.9
1511,756,"Male",5,NA,4,177,63.5,39.5,34,33.5,137.6
1512,727,"Female",2,2,4,121,41,27,23,22,29.41
1514,509,"Female",4,1,4,138,48.5,33,28,28,71.04
1515,521,"Female",4,1,4,152,48.5,32.5,27.5,27.5,81
1516,755,"Male",5,NA,4,159,54,35.5,31,30,86.88
1517,557,"Male",4,1,4,156,49.5,34,28.5,28.5,66.06
1518,515,"Male",5,1,4,170,60,38,31,31,122.6
1519,429,"Female",5,1,4,151,50.5,33,29,29,78.73
1520,551,"Female",4,1,4,NA,50,31,27,27,87.78
1521,563,"Female",4,1,4,145,48,32,28,28,62.44
1522,441,"Female",5,2,4,125,42,30,25,26,35.29
1523,613,"Female",3,2,4,126,42,30,24,25,42.53
1524,445,"Male",8,NA,4,175,66,37.5,35.5,34,176
1525,860,"Male",4,NA,4,160,52,33,29,29,95.93
1526,858,"Male",3,NA,4,156,53,33,30,29,99.55
1527,861,"Male",4,NA,4,152,53,32,29,28,87.33
1528,763,"Male",5,NA,4,181,63,39,34,33,166.1
1529,853,"Female",5,1,4,148,47.5,31.5,27.5,26,58.82
1530,409,"Female",5,2,4,135,45,32,28,29,47.96
1531,869,"Female",6,NA,4,145,51,32,29,28,89.59
1532,545,"Male",4,1,4,144,47.5,32.5,28.5,28,67.87
1533,809,"Male",1,1,4,108,39,23,19,19,25.34
1535,501,"Female",5,1,4,163,51,33,31,31,110.9
1536,507,"Female",4,1,4,153,49,33,29,28,81.45
1537,453,"Male",10,NA,4,180,67,35,33,32,141.2
1538,729,"Male",2,1,1,132,47.5,29,25,23.5,54.3
1539,728,"Male",2,1,1,115,44,27.5,23,23,40.72
1540,855,"Male",3,NA,1,144,49,33,27,27,57.92
1542,726,"Male",2,2,1,119,39,27,23,22,31.67
1543,704,"Male",2,1,1,129,42,32,25,25,36.2
1544,716,"Male",2,1,1,130,43,28,25,24,39.82
1545,858,"Male",3,NA,1,151,53,32,30,28,90.5
1546,752,"Male",5,NA,1,158,54.5,35.5,29,28.5,87.78
1547,623,"Male",3,2,1,132,44,30.5,25.5,25.5,42.53
1548,734,"Male",2,1,1,136,46,30,27,26,54.3
1549,717,"Male",2,1,1,135,44,29,26,26,36.65
1550,738,"Male",2,1,1,141,47.5,31,26,25.5,50.68
1551,739,"Female",2,1,1,120,41,27.5,23.5,22.5,31.22
1552,867,"Male",3,NA,1,146,49,34,29,28,57.92
1553,706,"Male",2,1,1,131,46,32,25,24,48.87
1554,621,"Female",3,2,1,124,42,29,23,24,41.63
1556,856,"Male",4,NA,1,156,52.5,34.5,30.5,30,81
1557,722,"Male",2,2,1,122,42,30,24,24,42.08
1558,431,"Female",5,1,1,143,47,32,28,28,52.49
1559,821,"Male",1,1,1,89,NA,NA,NA,NA,15.38
1560,822,"Female",1,1,1,87,NA,NA,NA,NA,14.48
1561,139,"Female",13,2,1,145,49,32,28,27,65.16
1562,806,"Male",1,2,1,94,35,25,18,9,17.65
1563,807,"Female",1,2,1,95,34,24,18,9.5,17.19
1564,666,"Female",4,1,1,133,50,31,26,13,63.35
1565,804,"Male",1,1,1,79,31,24,17,9,12.67
1566,805,"Female",1,1,1,76,33,23,16,NA,11.31
1567,267,"Male",7,2,1,180,66,39,35,33,175.1
1568,852,"Male",3,NA,1,145,49,32,28,27,75.11
1569,871,"Female",5,1,1,132,49.5,30.5,28.5,27,66.06
1570,823,"Male",1,1,1,100,38,25.5,20,20,26.24
1571,824,"Female",1,1,1,90,35,23,18,17.5,17.65
1572,56,"Female",16,1,1,147,51.5,33.5,29,29.5,68.33
1573,801,"Male",1,1,1,98,37,25.5,20,20,23.53
1574,802,"Male",1,1,1,99,36,25,19.5,19.5,21.27
1575,803,"Female",1,1,1,94,36,25,19.5,19.5,21.27
1576,656,"Male",8,NA,1,175,63,39,33.5,33,140.3
1577,857,"Male",6,NA,1,162,55,35,31.5,32,88.69
1578,659,"Female",6,1,1,141,49.5,32,30,28,58.82
1579,818,"Male",1,1,1,83,32,22,17,17,9.729
1580,819,"Male",1,1,1,86,33,22.5,16.5,17,10.41
1581,820,"Female",1,1,1,91,33,22,17,17,11.76
1582,437,"Female",5,1,1,147,51,32,28,28,71.49
1583,814,"Male",1,1,1,97,38,24.5,18,18,21.49
1584,815,"Male",1,1,1,96,36.5,24,17.5,17,16.74
1585,816,"Female",1,1,1,85,35,23,16,16.5,14.03
1586,810,"Male",1,1,1,101,38,25,18.5,19,22.4
1587,760,"Female",9,2,1,144,52,33,27,27,52.04
1588,811,"Female",1,2,1,74,31,23,16,16,8.145
1589,812,"Female",1,2,1,80,31,22.5,17,16.5,7.692
1590,813,"Female",1,2,1,78,30,22,15,15,5.882
1592,501,"Female",5,1,1,155,51,32.5,29.5,30,95.48
1594,78,"Female",9,1,1,154,52,35,30.5,29.5,87.78
1598,869,"Female",6,NA,1,149,51,32,28,28,74.66
1600,333,"Female",8,1,1,155,53,33.5,30,29.5,87.78
1604,521,"Female",4,1,1,153,47.5,32.5,27.5,27,62.44
1607,509,"Female",4,1,1,147,46,32.5,28,28,55.66
1613,201,"Female",7,1,1,152,53,36,29,28.5,91.4
1617,273,"Female",7,2,1,143,47,32.5,28,27.5,61.54
1620,409,"Female",5,2,1,142,45,33,26.5,27,40.72
1621,281,"Female",7,2,1,146,50,32.5,28,28,58.82
1624,241,"Female",11,1,1,167,52.5,34.5,29,28.5,85.52
1628,551,"Female",4,1,4,NA,NA,NA,NA,NA,87.78
1629,813,"Female",1,2,1,NA,NA,NA,NA,NA,5.882
1678,603,"Female",4,1,4,135,49.5,30,26,25.5,74.21
1679,802,"Male",2,1,4,129,44,30,24.5,24.5,52.04
1680,822,"Female",2,1,4,113,41,26,20,21,30.32
1681,821,"Male",2,1,4,112,41,26.5,23,22,37.1
1682,716,"Male",3,1,4,146,48,31,27,26,73.3
1683,712,"Female",3,1,4,127,43.5,29.5,25.5,24.5,46.15
1684,756,"Male",6,NA,4,182,67,41.5,36.5,35,169.2
1685,243,"Male",19,NA,4,190,69,38.5,34,33.5,221.3
1686,738,"Male",3,1,4,167,53,35,28.5,29.5,79.64
1687,867,"Male",4,NA,4,162,55.5,35,30,30.5,79.64
1688,441,"Female",6,2,4,128,45.5,30,26.5,27,42.53
1689,807,"Female",2,2,4,108,37.5,26,21.5,22,28.05
1690,853,"Female",6,1,4,146,49,31,27,26,58.82
1691,763,"Male",6,NA,4,179,64.5,37.5,35,34,188.2
1692,621,"Female",4,2,4,142,47,31.5,25.5,25.5,61.09
1693,726,"Male",3,2,4,140,48,31,26,26,66.97
1694,739,"Female",3,1,4,134,44,29,25,25,51.58
1695,941,"Male",2,NA,4,121,40.5,27.5,23,22,38.91
1696,563,"Female",5,1,4,143,51.5,32,29,29,93.21
1697,453,"Male",11,NA,4,183,70,35.5,33.5,32.5,173.3
1698,824,"Female",2,1,4,114,41,27,21.5,22,32.58
1699,734,"Male",3,1,1,150,49.5,33.5,28,28.5,68.78
1700,819,"Male",2,1,1,106,39,26.5,20.5,21.5,21.27
1701,904,"Male",1,NA,1,86,37,24,18,19,17.65
1702,729,"Male",3,1,1,147,53,33,29,28,79.64
1703,704,"Male",3,1,1,135,45,33,28,27,52.04
1704,862,"Male",6,NA,1,162,59,37,32,30,112.7
1705,856,"Male",5,NA,1,160,54.5,36,32,30.5,108.1
1706,201,"Female",8,1,1,162,55,37,29,30,78.28
1707,914,"Male",1,1,1,98,37,26,19,18,17.65
1708,915,"Female",1,1,1,84,35,23,17,16,14.93
1710,507,"Female",5,1,1,148,49,32.5,28.5,29,61.54
1711,912,"Male",1,1,1,95,36,24,18,17,16.52
1712,913,"Female",1,1,1,89,33,24,17,18,15.16
1713,281,"Female",8,2,1,153,50,32,28,29,56.56
1714,920,"Male",1,2,1,81,32,22,16,17,10.86
1715,820,"Female",2,1,1,111,39,26,21,21,26.24
1716,267,"Male",8,2,1,174,65.5,40.5,33.5,33.5,190
1717,823,"Male",2,1,1,121,43.5,28,24,23.5,36.2
1718,333,"Female",9,1,1,158,54.5,35,29,28,85.52
1719,905,"Female",1,1,1,91,36,24,19,18,19.91
1720,907,"Male",1,1,1,85,36,24,18,17,19.46
1721,722,"Male",3,2,1,133,48,31.5,27.5,28,60.63
1724,855,"Male",4,NA,1,159,56.5,NA,29,29,101.8
1725,755,"Male",6,NA,1,NA,NA,NA,NA,NA,124.4
1726,273,"Female",8,2,1,145,48,33,28,27,64.25
1727,917,"Male",1,2,1,92,35,25,17,17,15.84
1728,918,"Female",1,2,1,88,35,25,18,18,16.74
1729,521,"Female",5,1,1,149,50,33,28,27,83.26
1730,908,"Male",1,1,1,86,36,24,16,16,15.84
1731,909,"Male",1,1,1,93,35,24,18,18,19.46
1732,437,"Female",6,1,1,146,52,32,28,28,87.78
1736,721,"Female",3,1,1,141,44,31,25,26,55.2
1737,857,"Male",7,NA,1,159,56,35,32,33,90.5
1738,613,"Female",4,2,1,135,45,31,26,26,56.56
1739,603,"Female",4,1,1,134,48,31.5,27,25.5,63.35
1740,56,"Female",17,1,1,157,51,34.5,29.5,28.5,99.1
1743,717,"Male",3,1,1,147,50,32,28,29,65.61
1744,78,"Female",10,1,1,151,52,35,31,29,81.9
1745,901,"Male",1,1,1,94,36,24,18,18,19.46
1746,902,"Female",1,1,1,86,35,23,17,16,16.29
1747,903,"Female",1,1,1,84,36,25,17,18,15.84
1748,509,"Female",5,1,1,149,49,33,29,28.5,70.14
1752,563,"Female",5,1,1,151,50.5,33,29,28.5,78.28
1754,760,"Female",10,2,1,146,53,32.5,28.5,28,58.82
1758,139,"Female",14,2,1,143,49,33,27,27,61.99
1761,441,"Female",6,2,1,129,46,30.5,26.5,26,39.82
1762,659,"Female",7,1,1,154,52,33,29,29,81.45
1766,853,"Female",6,1,1,143,48,31,26,27,56.56
1767,431,"Female",6,1,1,147,48,33,27,27,65.61
1789,867,"Male",5,NA,4,167,59,38,31,33,99.55
1790,853,"Female",7,1,4,145,50,32,27,28,89.14
1792,755,"Male",7,NA,4,166,60,38,32,32,115.8
1793,820,"Female",3,1,4,131,44,28,26,25,45.7
1794,823,"Male",3,1,4,139,49,31,25,27,53.39
1795,908,"Male",2,1,4,128,44,29,23,22,40.72
1796,912,"Male",2,1,4,133,46,30,25,24,39.37
1797,917,"Male",2,2,4,127,43,30,22,23,42.53
1798,738,"Male",4,1,4,172,61,39,32,34,133.5
1799,763,"Male",7,NA,4,184,66,42,31,34,187.8
1800,243,"Male",20,NA,4,181,68,39,32,33,194.6
1801,726,"Male",4,2,4,162,53,34,30,30,97.29
1802,704,"Male",4,1,4,165,53,37,31,32,101.8
1803,821,"Male",3,1,4,146,50,32,28,27,57.92
1804,915,"Female",2,1,4,115,43,28,23,22,32.58
1805,913,"Female",2,1,4,116,42,27,22,23,33.48
1807,918,"Female",2,2,4,126,43,28,22,22,35.29
1808,824,"Female",3,1,4,131,47,30,26,25,47.51
1809,905,"Female",2,1,4,125,43,28,24,23,47.06
1810,909,"Male",2,1,4,126,43,29,24,23,47.06
1811,716,"Male",4,1,4,161,56,36,31,30,104.5
1812,855,"Male",5,NA,4,179,60,38,32,29,137.6
1813,717,"Male",4,1,1,166,53,34,30,31,79.19
1814,920,"Male",2,2,1,110,42,26,22,22,34.39
1815,722,"Male",4,2,1,152,57,35,32,31,97.74
1816,914,"Male",2,1,4,133,50,30,25,26,50.68
1816,734,"Male",4,1,1,155,54,36,30,30,93.67
1817,78,"Female",11,1,1,155,56,34,30,31,108.6
1818,901,"Male",2,1,1,128,47,32,24,24,47.06
1819,902,"Female",2,1,1,120,43,29,23,23,35.29
1820,903,"Female",2,1,1,117,45,29,24,24,39.82
1821,267,"Male",9,2,1,188,68,39,34,32,202.7
1822,802,"Male",3,1,1,152,50,35,30,29,90.05
1823,437,"Female",7,1,1,154,53,33,28,28,90.5
1824,1001,"Male",1,1,1,105,40,25,20,20,33.48
1825,1002,"Female",1,1,1,99,38,24,18,19,26.7
1826,1003,"Female",1,1,1,99,37,24,18,19,24.43
1827,857,"Male",8,NA,1,164,61,36,33,32,114.9
1828,56,"Female",18,1,1,150,52,33,29,29,74.66
1829,1004,"Male",1,1,1,112,41,26,21,21,34.84
1830,1005,"Female",1,1,1,104,39,24,19,20,28.96
1831,509,"Female",6,1,1,143,47,33,29,28,47.96
1832,1006,"Male",1,1,1,94,34,24,18,17,14.48
1833,1007,"Male",1,1,1,90,34,24,17,17,15.38
1834,1008,"Female",1,1,1,87,34,24,17,18,14.03
1835,659,"Female",8,1,1,149,53,33,30,28,70.59
1836,1015,"Male",1,1,1,96,39,25,19,19,23.76
1837,1016,"Female",1,1,1,93,35,25,18,17,18.55
1838,1017,"Female",1,1,1,95,35,25,18,18,17.65
1839,139,"Female",15,2,1,152,50,33,27,26,66.06
1840,1013,"Male",1,2,1,98,36,25,18,19,19.46
1841,1014,"Female",1,2,1,93,34,24,17,17,13.12
1842,563,"Female",6,1,1,155,50,32,30,29,92.31
1845,431,"Female",7,1,1,141,50,31,28,28,62.44
1846,1019,"Male",1,1,1,88,34,24,17,18,18.1
1847,1020,"Female",1,1,1,88,35,24,16,17,14.93
1848,907,"Male",2,1,1,123,44,28,23,22,44.8
1849,201,"Female",9,1,1,155,54,35,29,29,92.76
1853,521,"Female",6,1,1,157,51,34,28,28,83.71
1855,621,"Female",5,2,1,149,47,34,28,27,61.99
1856,853,"Female",7,1,1,141,48,31,27,27,62.44
1860,721,"Female",4,1,1,146,44,33,26,28,56.11
1863,739,"Female",4,1,1,150,47,34,27,27,59.73
1864,603,"Female",5,1,1,142,49,32,28,28,58.37
1867,333,"Female",10,1,1,157,53,35,29,30,83.71
1871,273,"Female",9,2,1,145,47,33,27,28,63.35
1875,613,"Female",5,2,1,143,46,32,26,28,55.66
1878,760,"Female",11,2,1,156,53,33,29,28,68.78
1883,281,"Female",9,2,1,160,53,33,28,29,80.54
1925,912,"Male",3,1,4,149,51,33,28,26,66.52
1926,913,"Female",3,1,4,131,47,30,25,25,58.82
1927,1019,"Male",2,1,4,123,44,27,24,24,49.32
1928,1013,"Male",2,2,4,112,40,28,23,23,28.51
1929,1006,"Male",2,1,4,112,40,28,22,22,30.77
1930,1008,"Female",2,1,4,106,38,27,21,21,29.86
1931,1002,"Female",2,1,4,132,43,29,23,23,39.37
1932,1016,"Female",2,1,4,125,44,27,24,24,40.72
1933,716,"Male",5,1,4,170,59,35,32,34,136.7
1934,521,"Female",7,1,4,168,54,32,29,31,110
1935,441,"Female",8,2,4,142,49,32,28,29,56.56
1936,704,"Male",5,1,4,NA,59,39,34,33,144.3
1937,722,"Male",5,2,4,176,61,38,35,33,161.5
1938,726,"Male",5,2,4,176,55,34,30,32,123.5
1939,738,"Male",5,1,4,182,64,41,34,NA,175.1
1940,243,"Male",21,NA,4,190,70,38,34,31,209
1941,1001,"Male",2,1,4,135,47,29,23,24,61.54
1942,1007,"Male",2,1,4,115,41,28,22,22,31.67
1943,621,"Female",6,2,4,147,47,32,26,27,60.63
1944,1004,"Male",2,1,4,127,45,29,26,27,57.47
1945,1005,"Female",2,1,4,125,40,27,23,24,34.39
1946,915,"Female",3,1,4,138,47,30,26,25,50.23
1947,1015,"Male",2,1,4,132,49,31,24,23,47.96
1948,201,"Female",10,1,1,162,57,35,29,30,110
1949,1104,"Female",1,1,1,104,40,24,18,19,27.15
1950,760,"Female",12,2,1,146,53,33,28,27,58.82
1951,1120,"Male",1,2,1,93,35,25,17,17,13.57
1952,1122,"Female",1,2,1,89,33,22,16,17,12.67
1953,1123,"Female",1,2,1,88,33,22,15,16,11.31
1954,857,"Male",9,NA,1,167,62,36,32,34,123.1
1955,853,"Female",8,1,1,142,50,33,28,27,66.06
1956,1106,"Female",1,1,1,86,34,22,19,19,15.38
1957,1107,"Female",1,1,1,88,35,22,19,19,16.74
1958,907,"Male",3,1,1,146,51,33,27,26,81.45
1959,273,"Female",10,2,1,144,49,33,27,27,65.16
1960,1115,"Male",1,2,1,92,35,24,17,18,18.1
1961,1116,"Male",1,2,1,94,35,24,18,18,18.55
1962,1117,"Female",1,2,1,89,34,23,17,17,13.57
1963,281,"Female",10,2,1,147,54,33,29,29,77.83
1964,1124,"Male",1,2,1,106,40,25,19,20,24.89
1965,1125,"Female",1,2,1,100,36,22,18,18,21.27
1966,613,"Female",6,2,1,139,47,31,26,27,49.77
1967,1118,"Female",1,2,1,83,33,22,16,16,11.31
1968,1119,"Female",1,2,1,82,34,21,17,17,12.22
1969,333,"Female",11,1,1,150,53,35,29,29,76.47
1970,1112,"Male",1,1,1,103,37,26,20,20,24.89
1971,1114,"Female",1,1,1,99,36,26,18,19,23.08
1972,1014,"Female",2,2,1,120,37,27,20,21,21.72
1973,267,"Male",10,2,1,193,70,41,33,34,226.2
1974,867,"Male",6,NA,1,174,60,39,32,33,110.4
1976,78,"Female",12,1,1,176,53,33,30,29,110.4
1980,903,"Female",3,1,1,144,51,35,29,28,71.49
1981,521,"Female",7,1,1,152,53,32,28,29,85.07
1984,722,"Male",5,2,1,177,61,37,33,33,140.7
1985,659,"Female",9,1,1,158,54,32,30,29,98.64
1988,509,"Female",7,1,1,157,49,34,30,28,72.4
1991,820,"Female",4,1,1,145,46,30,26,26,47.96
1992,431,"Female",8,1,1,148,51,32,29,28,80.54
1996,1020,"Female",2,1,1,101,39,26,19,21,25.34
1997,739,"Female",5,1,1,148,47,32,27,28,63.35
2000,437,"Female",8,1,1,154,54.5,33,28.5,28.5,108.1
2004,56,"Female",19,1,1,154,51.5,33,30,28.5,94.57
2008,139,"Female",16,2,1,154,48,34,27,27,58.82
2045,1120,"Male",2,2,4,120,43,30,23,21,30.77
2046,1122,"Female",2,2,4,112,40,27,27,22,27.15
2047,1016,"Female",3,1,4,137,46,31,27,26,52.04
2048,912,"Male",4,1,4,153,55,36,31,29,88.24
2050,1007,"Male",3,1,4,142,45,32,26,26,55.2
2051,1123,"Female",2,2,4,96,39,27,21,20,26.24
2052,509,"Female",8,1,4,142,50,33,28,29,66.97
2053,1208,"Male",1,1,4,91,38,26,19,17,20.81
2054,1209,"Male",1,1,4,96,37,24,18,19,24.89
2055,915,"Female",4,1,4,145,49,33,27,26,58.82
2056,243,"Male",22,NA,4,197,69,38,33,36,215.4
2057,722,"Male",6,2,4,181,64,40,NA,NA,178.3
2058,1002,"Female",3,1,4,142,48,30,25,25,60.18
2059,1114,"Female",2,1,4,122,40,28,24,24,36.65
2061,867,"Male",7,NA,4,172,65,37,32,33,131.2
2062,755,"Male",9,NA,4,179,66,38,34,35,182.8
2063,56,"Female",20,1,4,147,54,32,29,29,82.81
2064,1218,"Male",1,1,4,106,38,25,18,19,27.6
2065,1219,"Female",1,1,4,96,36,23,18,18,22.17
2066,1220,"Female",1,1,4,104,38,26,20,19,28.96
2067,857,"Male",10,NA,4,160,64,36,34,34,143
2068,739,"Female",6,1,1,148,48,32,27,27,66.97
2069,1213,"Female",1,1,1,93,34,24,18,17,18.55
2070,1214,"Female",1,1,1,88,34,24,18,17,18.55
2071,1015,"Male",3,1,1,148,52,33,27,25,57.92
2072,726,"Male",6,2,1,169,57,35,31,32,125.8
2073,437,"Female",9,1,1,156,54,35,30,29,83.71
2074,1215,"Male",1,1,1,107,39,25,20,19,29.86
2075,1216,"Male",1,1,1,104,38,27,19,19,25.34
2076,1217,"Female",1,1,1,103,38,24,19,19,25.79
2077,139,"Female",17,2,1,156,49,34,28,27,63.35
2078,1222,"Female",1,2,1,81,31,23,15,16,9.729
2079,521,"Female",8,1,1,162,53,36,27,27,94.57
2080,1204,"Male",1,1,1,98,38,26,18,18,24.43
2081,1205,"Female",1,1,1,102,36,25,18,18,20.81
2082,853,"Female",9,1,1,148,NA,NA,NA,NA,68.78
2085,1107,"Female",2,1,1,108,41,28,24,23,34.39
2086,913,"Female",4,1,1,148,49,33,28,27,64.25
2090,431,"Female",9,1,1,143,51,33,29,28,74.66
2091,1211,"Male",1,1,1,98,37,25,19,19,22.17
2092,1212,"Female",1,1,1,95,35,24,18,18,18.1
2093,281,"Female",11,2,1,146,53,32,30,31,78.73
2097,621,"Female",7,2,1,156,47,31,27,27,57.01
2100,78,"Female",13,1,1,150,55,34,30,29,89.59
2101,1201,"Male",1,1,1,108,41,26,21,20,28.51
2102,1202,"Male",1,1,1,101,38,25,19,20,28.05
2103,760,"Female",13,2,1,146,53,33,28,28,65.16
2107,441,"Female",9,2,1,141,48,31,28,28,55.66
2109,1014,"Female",3,2,1,137,41,29,24,25,45.7
2110,273,"Female",11,2,1,152,50,33,28,27,75.11
2114,721,"Female",6,1,1,147,48,35,26,28,76.02
2116,504,"Female",9,NA,1,151,49,30,29,30,63.8
2122,618,"Female",3,1,4,146,48,30,28,28,58.82
2123,1209,"Male",2,1,4,129,44,30,24,23,45.25
2124,1208,"Male",2,1,4,117,43,30,23,23,38.01
2125,1007,"Male",4,1,4,155,51,33,28,28,79.64
2127,1213,"Female",2,1,4,110,39,27,22,23,28.96
2128,755,"Male",10,NA,4,194,66,39,34,33,171.9
2129,1220,"Female",2,1,4,126,45,30,24,24,50.68
2130,1222,"Female",2,2,4,103,39,24,21,22,23.53
2131,1107,"Female",3,1,4,137,48,30,28,27,60.63
2132,243,"Male",23,NA,4,186,68,38,33,34,169.2
2133,722,"Male",7,2,4,198,66,40,35,36,194.6
2134,721,"Female",7,1,1,154,50,34,27,29,80.09
2135,1311,"Female",1,1,1,108,38,25,19,20,28.96
2136,281,"Female",12,2,1,143,53,34,28,28,71.04
2137,1314,"Male",1,2,1,106,38,26,19,19,27.15
2138,1315,"Female",1,2,1,98,35,24,18,19,19.91
2139,1205,"Female",2,1,1,125,45,29,23,22,44.34
2140,273,"Female",12,2,1,141,50,33,27,27,71.04
2141,1316,"Male",1,2,1,99,36,24,19,19,25.34
2142,1318,"Female",1,2,1,98,35,24,19,18,23.08
2143,760,"Female",14,2,1,142,55,33,27,27,66.97
2144,1308,"Male",1,2,1,91,35,24,17,17,14.93
2145,1309,"Female",1,2,1,89,35,22,17,17,15.84
2146,1310,"Female",1,2,1,88,34,22,17,17,14.93
2147,1114,"Female",3,1,1,137,46,31,26,25,57.47
2148,1123,"Female",3,2,1,128,45,32,24,24,37.1
2149,857,"Male",11,NA,1,170,63,38,32,33,147.5
2150,853,"Female",10,1,1,151,52,34,28,26,87.78
2151,1301,"Female",1,1,1,100,35,25,19,18,20.81
2152,913,"Female",5,1,1,143,50,33,28,29,65.16
2153,1304,"Female",1,1,1,90,35,22,17,18,14.93
2154,621,"Female",8,2,1,145,47,33,26,26,56.11
2155,1306,"Male",1,2,1,89,36,25,16,17,17.19
2156,1307,"Female",1,2,1,89,32,23,17,17,14.93
2157,1218,"Male",2,1,1,132,47,31,26,26,46.15
2158,1204,"Male",2,1,1,129,46,30,24,24,48.87
2159,915,"Female",5,1,1,149,52,32,26,25,69.68
2162,739,"Female",7,1,1,150,48,35,29,27,82.35
2166,441,"Female",10,2,1,146,48,33,28,27,55.2
2170,78,"Female",14,1,1,156,53,35,29,29,113.1
2175,437,"Female",10,1,1,151,55,32,28,28,104.1
2180,1016,"Female",4,1,1,143,49,31,28,29,64.25
2183,521,"Female",9,1,1,168,53,33,28,29,99.55
2187,1002,"Female",4,1,1,142,49,32,27,27,65.16
2191,618,"Female",8,1,1,166,52,33,29,27,105.4
2195,509,"Female",9,1,1,154,51,35,30,28,78.73
2199,139,"Female",18,2,1,155,50,33,27,27,73.76
2203,56,"Female",21,1,1,154,52,33,29,29,104.5
2207,431,"Female",10,1,1,151,52,32,29,30,85.97
2213,1441,"Female",1,NA,4,95,35,25,18,19,16.29
2215,722,"Male",8,2,4,196,68,43,30,34,218.6
2216,1204,"Male",3,1,4,143,51,34,29,28,85.97
2217,1301,"Female",2,1,4,124,38,27,23,22,29.86
2218,1208,"Male",3,1,4,130,47,32,26,26,47.06
2219,1306,"Male",2,2,4,116,39,29,22,21,24.89
2220,739,"Female",8,1,1,156,52,32,28,29,86.88
2221,1403,"Male",1,1,1,92,37,22,19,19,23.53
2222,1404,"Male",1,1,1,98,37,24,19,19,24.89
2223,1405,"Male",1,1,1,98,37,25,19,19,24.89
2224,857,"Male",12,NA,1,165,NA,NA,NA,NA,152
2225,1220,"Female",3,1,1,138,47,33,26,26,50.23
2226,1304,"Female",2,1,1,114,42,27,22,22,33.94
2227,56,"Female",22,1,1,153,52,34,29,29,79.64
2228,1433,"Male",1,1,1,102,39,26,20,19,27.15
2229,1434,"Female",1,1,1,103,37,24,19,19,24.89
2230,1435,"Female",1,1,1,95,36,26,19,19,22.17
2231,1309,"Female",2,2,1,110,38,26,20,20,19
2232,1311,"Female",2,1,1,121,40,27,24,23,30.77
2233,1316,"Male",2,2,1,122,43,28,23,23,37.1
2234,437,"Female",11,1,1,153,57,34,28,29,97.74
2235,1414,"Female",1,1,1,109,40,26,20,20,31.22
2236,1415,"Female",1,1,1,58,36,24,16,16,18.1
2237,441,"Female",11,2,1,138,46,31,28,29,41.63
2238,1407,"Female",1,2,1,74,30,22,14,15,5.882
2239,1408,"Female",1,2,1,73,30,22,14,15,5.656
2240,431,"Female",11,1,1,152,53,33,28,28,81.45
2241,1436,"Male",1,1,1,96,38,27,19,19,22.62
2242,1437,"Male",1,1,1,96,37,26,19,20,26.24
2243,1438,"Male",1,1,1,98,38,26,19,19,27.15
2244,1439,"Female",1,NA,1,73,30,20,13,14,4.751
2245,78,"Female",15,1,1,158,54,37,29,29,90.05
2246,1409,"Male",1,1,1,105,40,27,20,20,28.05
2247,1410,"Female",1,1,1,95,35,24,18,19,20.36
2248,1411,"Female",1,1,1,96,35,24,17,18,16.29
2249,1209,"Male",3,1,1,133,48,32,27,26,54.3
2250,913,"Female",6,1,1,153,52,33,28,28,82.35
2253,1016,"Female",5,1,1,131,49,31,28,29,49.77
2254,1416,"Female",1,1,1,85,33,22,17,17,14.03
2255,1417,"Female",1,1,1,86,33,23,17,17,13.57
2256,273,"Female",13,2,1,154,50,33,28,26,89.59
2260,1315,"Female",2,2,1,119,39,27,24,23,29.41
2261,853,"Female",11,1,1,154,53,33,28,29,86.88
2265,621,"Female",9,2,1,151,49,34,28,27,59.73
2268,1307,"Female",2,2,1,104,35,26,20,20,16.74
2269,1114,"Female",4,1,1,147,48,32,27,26,58.82
2270,760,"Female",15,2,1,158,53,34,28,27,59.73
2271,281,"Female",13,2,1,154,53,33,29,30,69.68
2274,1440,"Male",1,NA,1,73,33,22,14,15,9.19
2275,1306,"Male",2,2,1,109,39,29,21,22,20.05
2282,1532,"Female",4,NA,4,143,45,30,25,24,48.87
2291,1438,"Male",2,1,4,139,46,32,27,26,58.37
2292,1316,"Male",3,2,4,146,53,32,28,27,88.24
2293,1308,"Male",3,2,4,135,47,32,26,26,51.13
2294,1424,"Male",2,1,4,137,45,29,26,25,54.3
2295,1414,"Female",2,1,4,133,47,31,25,24,59.73
2296,1415,"Female",2,1,4,120,25,29,22,21,36.65
2297,1538,"Male",2,NA,4,123,45,29,24,24,50.68
2298,763,"Male",12,NA,4,184,68,42,37,34,215.8
2299,868,"Male",12,NA,4,167,61,36,32,32,121.7
2300,1410,"Female",2,1,4,124,43,29,25,25,40.27
2301,853,"Female",12,1,1,145,53,33,27,28,86.43
2302,1507,"Female",1,1,1,111,39,27,19,19,28.96
2303,1508,"Female",1,1,1,112,39,26,20,20,29.86
2304,1436,"Male",2,1,1,126,46,31,24,25,47.06
2305,1417,"Female",2,1,1,128,42,28,24,25,29.86
2306,1306,"Male",3,2,1,144,49,33,26,27,58.82
2308,1539,"Male",5,NA,1,160,57,35,32,32,108.6
2309,1434,"Female",2,1,1,NA,NA,NA,NA,NA,42.53
2310,281,"Female",14,2,1,157,53,35,28,28,75.11
2311,1511,"Male",1,2,1,102,38,25,19,20,28.51
2312,1512,"Female",1,2,1,93,37,24,19,20,21.72
2313,1442,"Male",2,NA,1,131,46,30,24,25,44.34
2314,1315,"Female",3,2,1,143,48,32,25,27,53.39
2315,1311,"Female",3,1,1,139,45,31,25,26,52.49
2316,621,"Female",10,2,1,150,49,33,27,27,64.25
2317,722,"Male",9,2,1,184,69,41,35,36,220.8
2318,1411,"Female",2,1,1,115,42,29,23,22,31.67
2319,857,"Male",13,NA,1,170,65,36,34,35,152.5
2320,273,"Female",14,2,1,143,48,34,27,26,66.97
2321,1503,"Female",1,2,1,102,38,26,19,20,26.24
2322,1504,"Female",1,2,1,107,38,26,20,19,26.7
2323,1505,"Female",1,2,1,96,37,27,19,19,24.43
2324,1409,"Male",2,1,1,137,48,33,27,27,54.3
2325,1535,"Male",7,NA,1,156,59,35,30,28,62.9
2326,913,"Female",7,1,1,152,51,33,29,29,68.78
2327,1501,"Female",1,1,1,103,38,25,19,20,27.15
2328,1502,"Female",1,1,1,99,37,23,19,20,25.79
2329,1441,"Female",2,NA,1,133,44,30,24,23,37.56
2330,1437,"Male",2,1,1,136,46,29,25,25,42.53
2331,78,"Female",16,1,1,153,53,31,30,30,108.1
2335,56,"Female",23,1,1,156,52,34,29,29,101.8
2339,760,"Female",16,2,1,162,56,31,29,27,89.59
2343,1307,"Female",3,2,1,128,44,30,22,22,42.53
2344,437,"Female",12,1,1,159,57,32,30,30,114.9
2348,1416,"Female",2,1,1,115,40,26,23,23,28.51
2349,431,"Female",12,1,1,152,52,33,29,28,97.29
2353,1534,"Female",7,NA,1,NA,55,35,29,28,101.8
2356,1532,"Female",4,NA,1,136,46,32,27,27,63.8
2360,1114,"Female",5,1,1,153,50,32,29,29,81.45
2364,739,"Female",9,1,1,156,51,33,28,28,95.02
2375,1114,"Female",6,1,1,149,50,31,28,28,79.19
2376,1621,"Male",1,1,1,92,36,23,18,18,18.55
2377,1622,"Male",1,1,1,89,35,28,18,18,16.29
2378,437,"Female",13,1,1,151,55,33,30,31,106.3
2379,1612,"Female",1,1,1,96,36,23,19,20,20.36
2380,56,"Female",24,1,1,154,53,34,30,30,91.4
2381,1604,"Male",1,1,1,102,38,25,20,19,26.24
2382,923,"Female",8,1,1,160,57,34,30,31,88.24
2383,1616,"Female",1,1,1,103,37,25,19,20,22.62
2384,1617,"Female",1,1,1,98,38,25,19,20,21.27
2385,739,"Female",10,1,1,155,51,33,27,28,83.71
2386,1624,"Male",1,1,1,93,36,24,17,17,19.46
2387,1625,"Male",1,1,1,99,32,24,18,18,20.36
2388,1626,"Female",1,1,1,91,34,23,16,17,17.19
2389,1627,"Female",1,1,1,87,34,23,15,16,13.57
2391,1613,"Female",1,1,1,99,36,25,20,20,23.98
2392,1614,"Female",1,1,1,87,34,23,19,18,18.1
2393,1615,"Female",1,1,1,92,35,24,18,18,19.46
2394,760,"Female",17,2,1,151,54,33,28,27,66.97
2395,1607,"Male",1,2,1,84,34,24,16,16,11.76
2396,1608,"Male",1,2,1,92,35,25,18,18,14.93
2397,1609,"Female",1,2,1,87,35,24,17,17,12.67
2398,1414,"Female",3,1,1,NA,48,32,NA,NA,57.92
2399,1532,"Female",5,NA,1,143,48,31,27,29,64.25
2400,1620,"Female",1,1,1,79,33,22,16,16,12.22
2401,1315,"Female",4,2,1,146,48,33,28,27,59.73
2402,853,"Female",13,1,1,160,51,31,31,30,97.29
2406,1311,"Female",4,1,1,152,46,31,26,26,55.2
2407,913,"Female",8,1,1,156,52,33,28,28,82.81
2411,913,"Female",9,1,1,145,51,33,27,29,70.14
2412,1704,"Male",1,1,1,96,37,24,18,19,19.91
2413,1705,"Male",1,1,1,103,35,25,20,20,23.08
2414,1706,"Male",1,1,1,95,38,25,19,19,21.27
2415,853,"Female",14,1,1,154,52,32,27,26,88.24
2416,1701,"Male",1,1,1,91,41,26,20,19,33.48
2417,1702,"Female",1,1,1,108,40,25,20,20,31.22
2418,1703,"Female",1,1,1,98,37,26,18,18,26.7
2420,56,"Female",25,1,1,163,54,34,30,30,115.4
2422,923,"Female",9,1,1,159,59,35,29,31,115.4
2425,437,"Female",14,1,1,157,57,32,29,29,127.6
2426,1532,"Female",6,NA,1,148,48,32,28,27,80.09
2430,739,"Female",11,1,1,150,50,32,28,28,90.5
2434,760,"Female",18,2,1,157,53,33,29,28,67.87
2437,1315,"Female",5,2,1,149,49,33,28,29,58.82
2438,1311,"Female",5,1,1,142,45,31,27,27,54.3
2441,431,"Female",14,1,1,154,52,34,28,27,97.29
2447,853,"Female",15,1,4,148,54,33,29,29,117.2
2448,913,"Female",10,1,4,153,54,33,28,27,97.74
2449,923,"Female",10,1,4,155,55,36,29,28,80.54
2450,1802,"Female",1,2,4,98,37,26,20,20,23.76
2451,1803,"Female",1,2,4,98,36,24,18,18,20.81
2452,739,"Female",12,1,4,159,53,33,29,29,95.02
2453,1807,"Male",1,1,4,95,38,23,19,19,27.38
2454,1809,"Female",1,1,4,97,36,23,18,18,20.14
2455,1532,"Female",7,NA,4,150,51,31,28,28,79.64
2456,1804,"Male",1,1,4,98,37,24,18,19,24.43
2457,1805,"Male",1,1,4,94,37,23,18,18,23.53
2458,1806,"Female",1,2,4,94,35,23,18,18,19
2460,56,"Female",26,1,1,147,53,34,29,30,92.31
2461,1801,"Female",1,1,1,108,38,25,19,19,28.51
2462,923,"Female",10,1,1,153,55,35,30,29,72.85
2463,1802,"Female",1,2,1,96,36,25,20,19,21.49
2464,1803,"Female",1,2,1,97,36,25,19,18,18.1
2465,431,"Female",15,1,1,154,52,35,30,28,89.14
2466,1814,"Male",1,1,1,100,37,26,20,20,22.85
2469,853,"Female",15,1,1,149,51,33,28,26,87.78
2473,1532,"Female",7,NA,1,157,51,32,28,29,71.04
2474,1804,"Male",1,1,1,99,37,24,19,19,20.81
2475,1805,"Male",1,1,1,93,37,24,19,19,21.27
2476,1806,"Female",1,2,1,94,35,24,18,18,16.52
2496,923,"Female",11,1,4,161,62,35,30,29,137.6
2498,1117,"Female",9,2,4,147,51,33,29,29,85.97
2499,853,"Female",16,1,4,150,53,32,27,28,80.54
2500,1902,"Male",1,1,4,105,40,25,21,21,29.41
2501,1903,"Female",1,1,4,103,36,24,21,21,25.34
2502,1802,"Female",2,2,4,121,42,29,24,23,41.86
2503,1806,"Female",2,2,4,122,42,28.5,24,24,37.1
2504,913,"Female",11,1,1,152,52,33,30,28,71.49
2505,1904,"Male",1,1,1,108,39,27,20,20,27.6
2506,1905,"Female",1,1,1,49,37,25,19,20,21.27
2507,1906,"Female",1,1,1,98,37,24,19,18,19
2508,1801,"Female",2,1,1,132,44,30,23,23,47.51
2509,1922,"Female",1,NA,1,104,37,24,19,18,21.95
2510,853,"Female",16,1,1,153,52,32,27,27,70.59
2511,1902,"Male",1,1,1,110,39,27,20,20,26.24
2512,1903,"Female",1,1,1,105,37,24,20,19,23.08
2514,1913,"Male",4,NA,1,174,60,36,32,33,147.1
2515,1117,"Female",9,2,1,148,49,34,30,28,62.9
2520,1532,"Female",8,NA,1,158,51,33,31,29,87.56
2525,431,"Female",16,1,1,158,54,32,29,30,99.55
2529,739,"Female",13,1,1,147,52,34,29,28,92.31
2534,56,"Female",27,1,1,160,54,33,28,29,114.9
2535,923,"Female",11,1,1,165,56,36,31,29,110.4
2538,1802,"Female",2,2,1,123,42,29,26,24,37.1
2539,1806,"Female",2,2,1,123,42,28,23,23,33.26
2543,1801,"Female",3,1,4,133,44,32,25,25,53.85
2544,1903,"Female",2,1,4,120,42,28,24,24,43.44
2545,1806,"Female",3,2,4,131,47,31,26,26,57.47
2546,923,"Female",12,1,4,165,59,35,31,29,100
2547,2017,"Male",1,1,4,108,38,26,20,20,29.41
2548,1906,"Female",2,1,1,119,42,28,22,22,30.32
2549,1905,"Female",2,1,1,121,44,28,24,24,39.82
2550,1922,"Female",2,NA,1,119,41,26,23,24,33.48
2551,1802,"Female",3,2,1,131,47,31,27,26,53.85
2553,431,"Female",17,1,1,153,54,32,29,29,84.16
2554,2009,"Male",1,1,1,92,34,23,18,18,16.97
2555,2010,"Male",1,1,1,98,37,24,19,19,21.49
2556,739,"Female",14,1,1,155,52,35,29,27,82.81
2557,2012,"Male",1,1,1,103,36,25,19,18,22.17
2558,2013,"Male",1,1,1,89,33,25,18,17,14.71
2559,2014,"Male",1,1,1,94,37,25,20,19,21.95
2560,2015,"Female",1,1,1,NA,37,25,20,19,23.53
2561,1532,"Female",9,NA,1,155,50,34,28,26,77.83
2562,2005,"Male",1,1,1,104,38,25,19,19,23.53
2563,2006,"Female",1,1,1,90,36,23,17,17,17.87
2564,2007,"Female",1,1,1,88,36,24,17,17,17.42
2565,2008,"Female",1,1,1,81,33,22,16,15,12.44
2566,584,"Male",18,NA,1,187,71,40,31,30,177.8
2567,2021,"Female",2,NA,1,133,43,29,24,23,44.8
2568,923,"Female",12,1,1,164,57,37,30,29,91.86
2569,2017,"Male",1,1,1,110,38,27,20,19,27.15
2570,1903,"Female",2,1,1,127,42,28,24,24,39.82
2571,1806,"Female",3,2,1,137,46.5,31,25,26,52.49
2572,1801,"Female",3,1,1,137,45,34,26,25,47.06
2590,739,"Female",15,1,4,164,54,34,28,26,124.4
2592,2007,"Female",2,1,4,120,41,28,22,22,36.65
2593,1903,"Female",3,1,4,146,46,32,28,26,56.56
2594,2006,"Female",2,1,1,125,42,28,23,22,30.77
2596,1905,"Female",3,1,1,142,50,31,27,27,61.09
2599,2102,"Male",9,NA,1,190,67,42,35,32,183.7
2601,1906,"Female",3,1,1,132,48,30,24,25,48.87
2602,1435,"Female",8,1,1,161,52,34,29,28,68.78
2603,2113,"Male",1,1,1,98,37,25,19,19,23.98
2604,2114,"Male",1,1,1,99,37,24,19,18,20.14
2605,2115,"Male",1,1,1,105,39,25,21,20,27.15
2606,1532,"Female",10,NA,1,158,54,30,30,30,108.6
2608,2007,"Female",2,1,1,123,41,27,21,22,32.13
2609,1903,"Female",3,1,1,139,45,30,26,26,50.68
2610,2109,"Female",6,NA,1,155,49,32,27,28,83.26
2611,1801,"Female",4,1,1,150,49,34,27,27,77.38
2614,56,"Female",29,1,1,164,54.5,35,29,30,105
2616,739,"Female",15,1,1,160,52,33,28,28,96.83
2621,2021,"Female",3,NA,1,155,49,32,27,28,58.37
2622,1802,"Female",4,2,1,146,49,33,30,28,63.35
2625,2015,"Female",2,1,1,129,43,26,24,25,47.51
2636,1922,"Female",4,NA,4,149,51,31,29,28,90.5
2637,2101,"Male",6,NA,4,176,60,38,32,30,133.9
2638,2007,"Female",3,1,4,141,47,32,25,24.5,56.56
2639,2102,"Male",10,NA,4,188,69,39,38,38,218.1
2640,1802,"Female",5,2,4,145,50,33,29,28,64.71
2641,2208,"Female",1,NA,4,91,33,23,17,17,15.38
2642,2209,"Female",1,NA,4,88,34,24,17,17,14.17
2643,2106,"Male",6,NA,1,185,62,42,36,32,126.7
2646,2007,"Female",3,1,1,134,47,29,24,25,50.23
2647,1801,"Female",5,1,1,161,49,33,28,28,71.49
2648,2202,"Female",1,NA,1,89,35,24,16,15,17.65
2649,2203,"Female",1,NA,1,87,34,24,18,17,17.65
2650,1532,"Female",11,NA,1,158,52,33.5,30.5,29.5,92.76
2651,2201,"Female",1,1,1,108,37,25,19,20,21.72
2652,431,"Female",19,1,1,155,53,35,29,27,91.86
2653,2215,"Male",1,NA,1,107,38,25,20,20,28.96
2654,2216,"Male",1,NA,1,106,40,27,21,20,28.96
2655,2217,"Female",1,NA,1,101,35,25,19,19,21.27
2661,2102,"Male",10,NA,1,179,66,40,33,30,183.3
2662,2101,"Male",6,NA,1,173,59,38,33,32,121.7
2663,2213,"Female",4,NA,1,148,48,31,26,27,67.42
2664,2109,"Female",7,NA,1,152,50,32,28,28,82.81
2668,1922,"Female",4,NA,1,146,48,32,29,27,67.87
2672,1435,"Female",9,1,1,156,51,34,29,27,86.88
2676,2021,"Female",4,NA,1,162,50,32,29,29,72.4
2677,2214,"Female",5,NA,1,144,48,32,27,28,61.54
2687,1922,"Female",5,NA,4,147,51,31,29,28,82.35
2688,2308,"Male",1,NA,4,102,38,25,19,19,26.24
2689,2217,"Female",2,NA,4,129,40,28,22,23,36.65
2690,2213,"Female",5,NA,4,145,53,31,NA,NA,98.64
2691,1922,"Female",5,NA,1,147,51,31,29,28,77.38
2692,2308,"Male",1,NA,1,96,38,24,19,20,24.89
2694,1435,"Female",10,1,1,173,51,33,31,28,82.81
2695,2310,"Male",1,NA,1,103,39,25,20,20,31.67
2696,2311,"Female",1,NA,1,111,37,24,18,19,27.15
2697,2312,"Female",1,NA,1,106,37,24,19,19,32.13
2698,2203,"Female",2,NA,1,115,39,29,22,21,26.92
2704,1802,"Female",6,2,1,151,51,34,30,29,84.62
2708,1801,"Female",6,1,1,155,50,34,29,29,85.07
2712,431,"Female",20,1,1,160,53,33,29,29,103.6
2716,2213,"Female",5,NA,1,152,51,31,28,28,75.11
2720,2217,"Female",2,NA,1,130,39,28,22,24,34.39
2721,2021,"Female",5,NA,1,171,50,33,29,28,72.4
2737,2217,"Female",3,NA,4,136,44,31,26,27,54.75
2738,1801,"Female",7,1,4,152,52,34,28,28,86.88
2739,2409,"Female",1,NA,4,100,36,23,19,20,23.53
2740,2311,"Female",2,NA,4,137,43,28,24,24,44.34
2741,2312,"Female",2,NA,4,130,43,28,26,26,42.08
2747,2213,"Female",6,NA,1,150,50,31,28,29,58.37
2748,2413,"Male",1,NA,1,99,39,24,18,19,19
2749,2414,"Female",1,NA,1,96,35,23,18,19,19.46
2750,2415,"Female",1,NA,1,91,36,24,17,17,14.48
2751,2021,"Female",6,NA,1,170,49,32,28,30,54.75
2752,2416,"Male",1,NA,1,82,33,23,16,16,12.67
2753,2417,"Female",1,NA,1,86,33,24,16,16,12.67
2754,2418,"Female",1,NA,1,80,32,23,15,15,9.05
2755,431,"Female",21,1,1,156,53,34,28,29,91.86
2756,2411,"Female",1,NA,1,111,37,27,20,20,26.7
2757,2412,"Female",1,NA,1,109,28,25,21,20,29.19
2758,1802,"Female",7,2,1,152,52,35,30,29,73.3
2759,2404,"Male",1,NA,1,101,36,26,19,18,20.36
2760,2405,"Female",1,NA,1,93,33,24,18,17,16.29
2761,2406,"Female",1,NA,1,91,33,24,17,17,14.48
2762,1801,"Female",7,1,1,148,51,34,27,27,78.73
2763,2409,"Female",1,NA,1,97,36,24,18,19,21.27
2765,2311,"Female",2,NA,1,135,43,28,23,24,41.18
2766,2217,"Female",3,NA,1,138,46,31,25,26,48.87
2767,1906,"Female",6,1,1,157,54,31,26,27,67.87
2768,2403,"Female",1,NA,1,104,37,25,18,19,27.6
2769,1922,"Female",6,NA,1,146,54,31,27,28,99.55
2773,1435,"Female",11,1,1,163,51,31,29,29,92.31
2779,1435,"Female",12,1,4,158,56,32,29,29,82.81
2780,2504,"Male",1,NA,4,101,37,25,18.25,18,20.36
2781,2505,"Female",1,NA,4,113,39,26,20,20.25,32.58
2782,2213,"Female",7,NA,4,151,53,32,27,28,95.02
2783,2414,"Female",2,NA,4,131,42,29,22,23,36.65
2784,1435,"Female",12,1,1,159,52,32,29,30,79.64
2785,2504,"Male",1,NA,1,103,36,25,16.5,NA,18.1
2786,2505,"Female",1,NA,1,116,38,24,21,22,29.41
2787,431,"Female",22,1,1,156,52,33,29,30,97.29
2791,2213,"Female",7,NA,1,152,52,32,27,28,75.11
2795,56,"Female",33,1,1,155,55,34,30,30,82.81
