Route,Lat,Lon
500104,48.086498,-96.576401
500104,48.0793,-96.552597
500104,48.079498,-96.534599
500104,48.064602,-96.544403
500104,48.065201,-96.528
500104,48.057301,-96.525703
500104,48.0429,-96.524597
500104,48.032398,-96.522102
500104,48.020699,-96.431
500104,48.007,-96.433296
500106,48.6968,-94.606598
500106,48.684799,-94.605103
500106,48.672298,-94.611702
500106,48.6721,-94.622704
500106,48.661301,-94.626602
500106,48.652401,-94.626297
500106,48.644901,-94.626404
500106,48.626499,-94.625801
500106,48.618698,-94.6259
500106,48.6133,-94.637497
500107,48.195202,-93.4757
500107,48.215801,-93.444801
500107,48.231899,-93.443001
500107,48.243999,-93.444
500107,48.263802,-93.443703
500107,48.296398,-93.441597
500107,48.3223,-93.460197
500107,48.337502,-93.464996
500107,48.360001,-93.487999
500107,48.3815,-93.5214
500109,47.891201,-91.914001
500109,47.896301,-91.929703
500109,47.915001,-91.949997
500109,47.921101,-91.935997
500109,47.924099,-91.922699
500109,47.920898,-91.880402
500109,47.9254,-91.860802
500109,47.924599,-91.831001
500109,47.916801,-91.829399
500109,47.908901,-91.822197
500111,47.987499,-89.764099
500111,47.978298,-89.773499
500111,47.969002,-89.780296
500111,47.943901,-89.777397
500111,47.943501,-89.7547
500111,47.943699,-89.744301
500111,47.9631,-89.694199
500111,47.966,-89.6838
500111,47.9701,-89.6698
500111,47.969799,-89.6577
500113,47.647301,-96.231697
500113,47.657001,-96.237801
500113,47.673801,-96.242599
500113,47.686798,-96.244797
500113,47.701599,-96.253899
500113,47.709202,-96.288803
500113,47.7281,-96.317802
500113,47.7645,-96.341797
500113,47.778999,-96.352402
500113,47.789398,-96.359901
500114,47.123699,-95.9991
500114,47.109299,-95.9617
500114,47.108601,-95.9347
500114,47.0947,-95.910301
500114,47.094898,-95.903801
500114,47.0765,-95.891197
500114,47.071301,-95.889702
500114,47.063702,-95.880203
500114,47.0518,-95.868599
500114,47.035099,-95.850098
500115,47.1918,-94.75999
500115,47.2089,-94.7602
500115,47.2302,-94.7604
500115,47.2438,-94.75
500115,47.252,-94.7387
500115,47.2557,-94.7276
500115,47.2929,-94.7274
500115,47.3093,-94.7285
500115,47.3236,-94.7162
500115,47.3377,-94.7137
500116,46.982101,-93.665604
500116,46.974701,-93.666
500116,46.957901,-93.682999
500116,46.957802,-93.698097
500116,46.957699,-93.772102
500116,46.954201,-93.7995
500116,46.9552,-93.827904
500116,46.954899,-93.866997
500116,46.954899,-93.892502
500116,46.9552,-93.915398
500117,47.181999,-92.276497
500117,47.182598,-92.294899
500117,47.182301,-92.304298
500117,47.181999,-92.346703
500117,47.1726,-92.346603
500117,47.162998,-92.347099
500117,47.153198,-92.346497
500117,47.1418,-92.347
500117,47.128601,-92.3433
500117,47.121799,-92.343399
500118,47.596199,-91.043999
500118,47.603699,-91.044098
500118,47.602299,-91.0271
500118,47.6031,-91.007698
500118,47.606701,-90.9869
500118,47.6092,-90.971298
500118,47.610802,-90.951599
500118,47.612099,-90.941299
500118,47.631199,-90.908401
500118,47.645199,-90.904404
500119,47.7868,-90.179001
500119,47.831402,-90.1577
500119,47.853901,-90.143402
500119,47.866001,-90.204498
500119,47.904202,-90.255898
500119,47.911301,-90.300102
500119,47.805302,-90.301399
500119,47.755901,-90.313904
500119,47.796902,-90.275703
500119,47.776901,-90.222397
500120,47.086102,-95.976799
500120,47.079201,-95.988403
500120,47.0714,-95.998001
500120,47.0648,-95.999001
500120,47.061501,-96.040298
500120,47.049999,-96.048401
500120,47.034302,-96.0718
500120,47.0355,-96.088699
500120,47.006401,-96.122803
500120,47.000401,-96.130096
500121,46.3843,-95.5802
500121,46.375,-95.572601
500121,46.3699,-95.579597
500121,46.369801,-95.5895
500121,46.3699,-95.6036
500121,46.3643,-95.6129
500121,46.316101,-95.611801
500121,46.3116,-95.601402
500121,46.2943,-95.590698
500121,46.2584,-95.605499
500122,46.4571,-94.583298
500122,46.4716,-94.5802
500122,46.4711,-94.5989
500122,46.486801,-94.622803
500122,46.500702,-94.625504
500122,46.500599,-94.695
500122,46.513199,-94.696098
500122,46.529099,-94.697304
500122,46.539101,-94.738701
500122,46.5569,-94.737099
500123,46.347,-93.496902
500123,46.332802,-93.4953
500123,46.334301,-93.408501
500123,46.3349,-93.3825
500123,46.3344,-93.3713
500123,46.334999,-93.361504
500123,46.334599,-93.353798
500123,46.334702,-93.3452
500123,46.334599,-93.3368
500123,46.334702,-93.3293
500124,46.1525,-92.614304
500124,46.125401,-92.625603
500124,46.115799,-92.6269
500124,46.103401,-92.617302
500124,46.081402,-92.600304
500124,46.071201,-92.606598
500124,46.0555,-92.612701
500124,46.041302,-92.614502
500124,46.030399,-92.615799
500124,46.0144,-92.615402
500126,45.629799,-96.232903
500126,45.613899,-96.232498
500126,45.6007,-96.211502
500126,45.585899,-96.2033
500126,45.564701,-96.157997
500126,45.555599,-96.155998
500126,45.557201,-96.127998
500126,45.536701,-96.1185
500126,45.524899,-96.0765
500126,45.512501,-96.057602
500127,45.575901,-95.174797
500127,45.563202,-95.173302
500127,45.546799,-95.173203
500127,45.530102,-95.172997
500127,45.498798,-95.167801
500127,45.492699,-95.152298
500127,45.459499,-95.172897
500127,45.4534,-95.155899
500127,45.443699,-95.163101
500127,45.416901,-95.1717
500128,45.312901,-94.465202
500128,45.327202,-94.464897
500128,45.3283,-94.505203
500128,45.3424,-94.505898
500128,45.358398,-94.526802
500128,45.362202,-94.531998
500128,45.369202,-94.534103
500128,45.393398,-94.574799
500128,45.407902,-94.577202
500128,45.418999,-94.578903
500129,45.496498,-93.692001
500129,45.492802,-93.703796
500129,45.496101,-93.7267
500129,45.524101,-93.734703
500129,45.536999,-93.685898
500129,45.558899,-93.651901
500129,45.580601,-93.646896
500129,45.601501,-93.653702
500129,45.640499,-93.6987
500129,45.648399,-93.679001
500130,45.0686,-92.8162
500130,45.062901,-92.829002
500130,45.071602,-92.835197
500130,45.085899,-92.849197
500130,45.104,-92.858002
500130,45.123199,-92.843697
500130,45.122101,-92.832199
500130,45.1301,-92.818497
500130,45.106899,-92.813202
500130,45.098301,-92.812302
500132,44.9426,-95.289497
500132,44.9132,-95.289597
500132,44.890999,-95.2845
500132,44.848701,-95.280602
500132,44.804001,-95.279503
500132,44.784901,-95.279404
500132,44.7575,-95.2799
500132,44.746899,-95.279198
500132,44.7057,-95.279503
500132,44.696201,-95.279099
500133,44.8554,-94.051697
500133,44.8498,-94.051102
500133,44.843601,-94.057198
500133,44.8335,-94.040398
500133,44.808601,-94.021004
500133,44.799099,-94.019798
500133,44.800301,-94.002502
500133,44.772202,-93.981102
500133,44.760601,-93.948997
500133,44.718201,-93.948601
500134,44.217899,-93.453697
500134,44.215,-93.464798
500134,44.205399,-93.464798
500134,44.178699,-93.4674
500134,44.159599,-93.466698
500134,44.138699,-93.467102
500134,44.127201,-93.467003
500134,44.116199,-93.476898
500134,44.106499,-93.483299
500134,44.0989,-93.482803
500135,44.4468,-92.848198
500135,44.449699,-92.865898
500135,44.449402,-92.881104
500135,44.451302,-92.905998
500135,44.4422,-92.910301
500135,44.414001,-92.925903
500135,44.3946,-92.921898
500135,44.3825,-92.927002
500135,44.3703,-92.929199
500135,44.357399,-92.932098
500138,43.575401,-95.191399
500138,43.522499,-95.193001
500138,43.5518,-95.140701
500138,43.551498,-95.125298
500138,43.5224,-95.092102
500138,43.538898,-95.077698
500138,43.660599,-95.033096
500138,43.674702,-95.076103
500138,43.674099,-95.0942
500138,43.684299,-95.094597
500140,43.9888,-93.936401
500140,43.980598,-93.938202
500140,43.9715,-93.939102
500140,43.9533,-93.938499
500140,43.9394,-93.938499
500140,43.8983,-93.947998
500140,43.877399,-93.944702
500140,43.873798,-93.933296
500140,43.865101,-93.935204
500140,43.848499,-93.938698
500141,43.709999,-93.134102
500141,43.665699,-93.129204
500141,43.660999,-93.092102
500141,43.642101,-93.0905
500141,43.629299,-93.088303
500141,43.619202,-93.088402
500141,43.600601,-93.0886
500141,43.583302,-93.088303
500141,43.565899,-93.088402
500141,43.552601,-93.089104
500173,47.510899,-92.1138
500173,47.497002,-92.089996
500173,47.486,-92.061203
500173,47.471699,-92.030296
500173,47.469101,-92.0299
500173,47.460602,-92.027496
500173,47.436001,-92.022499
500173,47.3992,-92.0224
500173,47.3885,-92.0112
500173,47.3717,-92.012802
500180,44.823898,-93.224701
500180,44.828602,-93.227402
500180,44.825001,-93.2164
500180,44.847401,-93.190399
500180,44.853199,-93.181702
500180,44.863899,-93.179901
500180,44.882999,-93.171204
500180,44.882999,-93.178398
500180,44.875099,-93.191498
500180,44.871399,-93.194298
500185,45.793499,-96.129097
500185,45.768002,-96.078201
500185,45.760601,-96.072502
500185,45.759399,-96.036598
500185,45.763901,-96.025902
500185,45.780701,-96.026398
500185,45.7882,-96.050598
500185,45.7887,-96.103897
500185,45.797798,-96.109703
500185,45.805801,-96.069901
500191,45.007099,-93.551399
500191,45.0019,-93.553398
500191,45.002499,-93.577003
500191,45.002701,-93.611504
500191,45.009201,-93.644203
500191,45.029999,-93.631798
500191,45.019199,-93.629898
500191,45.025398,-93.629097
500191,45.009201,-93.611702
500191,45.039101,-93.613701
500194,47.4007,-94.679604
500194,47.402199,-94.677597
500194,47.404598,-94.676697
500194,47.4039,-94.681297
500194,47.404499,-94.697403
500194,47.401199,-94.697098
500194,47.397598,-94.696999
500194,47.379601,-94.719498
500194,47.382301,-94.726303
500194,47.3783,-94.726097
500195,46.1077,-94.386101
500195,46.1077,-94.394402
500195,46.119999,-94.430702
500195,46.132599,-94.4263
500195,46.142799,-94.424698
500195,46.166199,-94.478699
500195,46.165798,-94.394699
500195,46.133801,-94.403999
500195,46.125401,-94.382202
500195,46.1222,-94.371399
500196,45.123901,-93.271103
500196,45.133598,-93.298897
500196,45.143902,-93.300903
500196,45.149502,-93.310204
500196,45.161598,-93.296997
500196,45.200901,-93.287201
500196,45.211498,-93.283096
500196,45.213501,-93.278099
500196,45.217499,-93.276001
500196,45.212502,-93.266899
500197,47.466,-94.582703
500197,47.4935,-94.5868
500197,47.509899,-94.592102
500197,47.527802,-94.587799
500197,47.541,-94.601097
500197,47.551102,-94.596199
500197,47.565102,-94.621696
500197,47.5769,-94.618103
500197,47.585098,-94.618301
500197,47.586399,-94.599602
500204,48.593899,-95.947098
500204,48.580299,-95.946602
500204,48.520802,-95.945099
500204,48.5112,-95.944801
500204,48.4907,-95.949203
500204,48.4725,-95.943802
500204,48.471401,-95.921997
500204,48.466499,-95.885399
500204,48.460701,-95.843597
500204,48.4674,-95.821999
500205,48.2216,-95.906601
500205,48.2216,-95.918198
500205,48.207001,-95.933296
500205,48.207199,-95.947098
500205,48.207001,-95.959503
500205,48.208401,-95.9804
500205,48.1936,-96.022202
500205,48.208401,-96.122902
500205,48.2103,-96.136299
500205,48.2099,-96.147697
500208,48.209,-92.808899
500208,48.207901,-92.794502
500208,48.208099,-92.783203
500208,48.2033,-92.768799
500208,48.198299,-92.758598
500208,48.188999,-92.754204
500208,48.183701,-92.7472
500208,48.184502,-92.720596
500208,48.1856,-92.704903
500208,48.1814,-92.6698
500209,47.939701,-91.476997
500209,47.973,-91.442398
500209,47.966202,-91.458
500209,47.9571,-91.4786
500209,47.9571,-91.504097
500209,47.958599,-91.547096
500209,47.9575,-91.567398
500209,47.959,-91.591904
500209,47.957001,-91.632698
500209,47.9537622,-91.5070775
500209,47.950298,-91.6474
500214,47.672699,-95.446999
500214,47.6642,-95.447197
500214,47.652901,-95.4459
500214,47.652901,-95.461403
500214,47.644299,-95.470596
500214,47.637501,-95.475098
500214,47.631901,-95.480202
500214,47.620602,-95.490601
500214,47.614899,-95.490601
500214,47.6031,-95.490799
500215,47.299702,-94.114304
500215,47.292599,-94.104897
500215,47.286301,-94.087196
500215,47.282299,-94.077103
500215,47.275101,-94.0597
500215,47.275501,-94.048698
500215,47.2747,-94.0243
500215,47.269699,-93.9935
500215,47.2701,-93.9804
500215,47.274399,-94.019402
500216,47.3228,-93.194504
500216,47.287498,-93.201401
500216,47.275799,-93.2015
500216,47.2309,-93.190804
500216,47.188999,-93.153503
500216,47.1749,-93.151703
500216,47.1614,-93.140503
500216,47.157501,-93.135101
500216,47.154999,-93.129898
500216,47.147202,-93.1297
500217,47.848801,-92.837502
500217,47.830002,-92.827599
500217,47.828999,-92.815498
500217,47.826199,-92.803101
500217,47.819599,-92.809898
500217,47.805,-92.805603
500217,47.805698,-92.781502
500217,47.797699,-92.785004
500217,47.790901,-92.780701
500217,47.791302,-92.740601
500218,47.500301,-91.897903
500218,47.501801,-91.919197
500218,47.494099,-91.965897
500218,47.484798,-91.987099
500218,47.4884,-92.008003
500218,47.490101,-92.018799
500218,47.487,-92.025101
500218,47.487598,-92.036301
500218,47.484001,-92.0504
500218,47.485199,-92.058899
500219,47.8022,-90.275497
500219,47.803001,-90.250999
500219,47.810299,-90.224998
500219,47.818199,-90.203903
500219,47.818298,-90.180801
500219,47.829399,-90.180702
500219,47.8339,-90.148201
500219,47.8288,-90.133904
500219,47.817699,-90.115097
500219,47.827702,-90.1036
500221,46.120701,-95.935898
500221,46.1115,-95.936203
500221,46.099701,-95.935799
500221,46.091099,-95.940002
500221,46.0769,-95.935997
500221,46.0648,-95.923203
500221,46.060501,-95.915703
500221,46.0322,-95.914497
500221,46.019798,-95.914299
500221,45.995499,-95.9142
500222,46.144402,-94.756104
500222,46.153301,-94.757797
500222,46.159199,-94.7528
500222,46.168999,-94.759003
500222,46.1665,-94.769997
500222,46.184101,-94.7976
500222,46.186001,-94.808197
500222,46.206799,-94.8116
500222,46.210201,-94.8256
500222,46.208401,-94.843002
500223,46.548599,-93.966301
500223,46.555199,-93.990196
500223,46.571301,-94.027802
500223,46.573601,-94.034897
500223,46.5662,-94.040802
500223,46.563801,-94.043404
500223,46.560501,-94.049896
500223,46.495998,-94.099098
500223,46.486401,-94.151497
500223,46.482498,-94.166901
500224,46.895199,-92.401497
500224,46.894798,-92.391098
500224,46.894699,-92.385803
500224,46.8946,-92.378601
500224,46.883999,-92.365097
500224,46.8526,-92.364799
500224,46.847099,-92.364799
500224,46.8382,-92.364799
500224,46.8097,-92.364899
500224,46.7691,-92.364799
500226,45.523102,-96.4739
500226,45.500301,-96.467499
500226,45.5,-96.451302
500226,45.4995,-96.445801
500226,45.4991,-96.418198
500226,45.4538,-96.369003
500226,45.442001,-96.364197
500226,45.4422,-96.351601
500226,45.427601,-96.343201
500226,45.426102,-96.326698
500227,45.0214,-95.464996
500227,45.040401,-95.431396
500227,45.0495,-95.431801
500227,45.065399,-95.3769
500227,45.0737,-95.370201
500227,45.091702,-95.370003
500227,45.0975,-95.350098
500227,45.119499,-95.350098
500227,45.138199,-95.288696
500227,45.1343,-95.267403
500228,45.109402,-94.517601
500228,45.108101,-94.522903
500228,45.106499,-94.527496
500228,45.1003,-94.532097
500228,45.091801,-94.531502
500228,45.081001,-94.5392
500228,45.081001,-94.556999
500228,45.076199,-94.564201
500228,45.060799,-94.585403
500228,45.042198,-94.615601
500229,45.549,-93.521202
500229,45.550701,-93.530899
500229,45.558998,-93.552399
500229,45.5697,-93.5789
500229,45.546101,-93.5942
500229,45.5359,-93.6165
500229,45.5308,-93.634201
500229,45.529598,-93.654999
500229,45.525002,-93.6549
500229,45.516102,-93.653801
500229,45.544399,-93.472603
500229,45.5149,-93.661102
500230,45.2644,-92.973999
500230,45.2533,-92.977402
500230,45.243698,-92.977699
500230,45.239201,-92.9674
500230,45.2388,-92.938698
500230,45.246799,-92.937698
500230,45.253601,-92.942802
500230,45.267399,-92.937698
500230,45.263901,-92.942001
500230,45.2579,-92.9515
500232,44.180199,-95.016296
500232,44.179798,-95.036301
500232,44.180401,-95.120201
500232,44.180698,-95.161003
500232,44.180199,-95.1875
500232,44.180401,-95.218201
500232,44.163101,-95.2202
500232,44.166,-95.238998
500232,44.152,-95.267303
500232,44.152199,-95.2929
500233,44.663101,-94.7314
500233,44.6586,-94.726303
500233,44.6586,-94.712502
500233,44.6586,-94.695602
500233,44.645699,-94.690598
500233,44.6231,-94.670097
500233,44.5989,-94.629204
500233,44.5881,-94.629303
500233,44.585899,-94.625
500233,44.585899,-94.614799
500234,44.3368,-93.441002
500234,44.325199,-93.443298
500234,44.316799,-93.443703
500234,44.3088,-93.443604
500234,44.303699,-93.448097
500234,44.300301,-93.459198
500234,44.292702,-93.464897
500234,44.2873,-93.4636
500234,44.281898,-93.464302
500234,44.281502,-93.442497
500235,44.305801,-92.761398
500235,44.312,-92.761398
500235,44.358898,-92.762802
500235,44.372101,-92.760597
500235,44.381802,-92.762001
500235,44.400902,-92.763
500235,44.418999,-92.768898
500235,44.430801,-92.771004
500235,44.456001,-92.759499
500235,44.4921,-92.755699
500238,43.818401,-95.325203
500238,43.808102,-95.376404
500238,43.7841,-95.376198
500238,43.7747,-95.376099
500238,43.7379,-95.375603
500238,43.731701,-95.347801
500238,43.743401,-95.315002
500238,43.769199,-95.315002
500238,43.767899,-95.299599
500238,43.781101,-95.315201
500239,43.791,-94.8946
500239,43.804699,-94.910599
500239,43.818901,-94.941597
500239,43.8186,-94.9557
500239,43.8623,-94.9988
500239,43.8629,-95.039001
500239,43.8717,-95.038803
500239,43.9122,-95.0589
500239,43.9342,-95.060097
500239,43.9932,-95.0594
500239,43.856098,-95.019897
500239,43.917999,-95.100403
500239,43.934601,-95.085899
500239,43.9781,-95.075401
500240,43.8992,-93.250198
500240,43.906399,-93.258003
500240,43.906502,-93.248901
500240,43.906399,-93.239197
500240,43.906502,-93.229401
500240,43.901299,-93.225899
500240,43.894699,-93.226097
500240,43.887798,-93.225998
500240,43.8811,-93.205902
500240,43.888302,-93.206001
500241,43.864101,-93.381699
500241,43.8549,-93.386902
500241,43.848701,-93.367104
500241,43.828701,-93.348801
500241,43.802399,-93.308296
500241,43.785801,-93.331001
500241,43.778999,-93.328499
500241,43.7486,-93.309998
500241,43.737999,-93.293098
500241,43.7388,-93.280098
500242,43.679699,-91.588097
500242,43.681599,-91.564598
500242,43.680698,-91.559799
500242,43.682201,-91.555801
500242,43.6828,-91.552498
500242,43.665798,-91.5308
500242,43.6716,-91.5839
500242,43.669498,-91.587502
500242,43.648201,-91.613998
500242,43.640099,-91.613297
500271,48.265499,-95.981201
500271,48.285999,-95.980797
500271,48.299999,-95.983398
500271,48.312099,-95.960098
500271,48.309399,-95.934303
500271,48.320999,-95.8955
500271,48.359299,-95.916
500271,48.368401,-95.945
500271,48.370201,-95.884201
500271,48.397301,-95.883301
500273,47.7915,-91.319199
500273,47.781601,-91.3284
500273,47.777302,-91.335999
500273,47.774799,-91.344002
500273,47.77,-91.359001
500273,47.766499,-91.371002
500273,47.762699,-91.384903
500273,47.754101,-91.392601
500273,47.744801,-91.416702
500273,47.740898,-91.4524
500280,45.2244,-92.770302
500280,45.223598,-92.776802
500280,45.228298,-92.792503
500280,45.217499,-92.787201
500280,45.219101,-92.793198
500280,45.217499,-92.774498
500280,45.227901,-92.774399
500280,45.223999,-92.758301
500280,45.217098,-92.759598
500280,45.216202,-92.7939
500291,44.867699,-93.705101
500291,44.885601,-93.714401
500291,44.885399,-93.704697
500291,44.895199,-93.685303
500291,44.876499,-93.657402
500291,44.877701,-93.665901
500291,44.879902,-93.673599
500291,44.879002,-93.679199
500291,44.886902,-93.682297
500291,44.882,-93.687202
500295,46.252701,-94.407303
500295,46.253101,-94.417999
500295,46.253799,-94.432701
500295,46.2528,-94.446098
500295,46.266701,-94.453903
500295,46.307098,-94.438904
500295,46.309898,-94.429398
500295,46.310799,-94.400902
500295,46.296799,-94.372704
500295,46.264198,-94.366302
500297,46.916302,-92.211899
500297,46.916,-92.189796
500297,46.909698,-92.161598
500297,46.923599,-92.157799
500297,46.936901,-92.167099
500297,46.9678,-92.171097
500297,46.974899,-92.194702
500297,46.984402,-92.243301
500297,46.964901,-92.2379
500297,46.967499,-92.216599
500304,48.3997,-96.602501
500304,48.387199,-96.603203
500304,48.376598,-96.602501
500304,48.367599,-96.608299
500304,48.368099,-96.593803
500304,48.367699,-96.576797
500304,48.362801,-96.562202
500304,48.3283,-96.523003
500304,48.312801,-96.509804
500304,48.313202,-96.494499
500305,48.543301,-95.583603
500305,48.551498,-95.583504
500305,48.555302,-95.5457
500305,48.5686,-95.497803
500305,48.575901,-95.497398
500305,48.589298,-95.496002
500305,48.598499,-95.464401
500305,48.5984,-95.445999
500305,48.598598,-95.430397
500305,48.600201,-95.403603
500306,48.687099,-94.717102
500306,48.6745,-94.691399
500306,48.670502,-94.668602
500306,48.670399,-94.646797
500306,48.673698,-94.6092
500306,48.701099,-94.590103
500306,48.670799,-94.585999
500306,48.666,-94.564201
500306,48.671398,-94.479401
500306,48.6735,-94.456802
500307,48.359798,-93.6371
500307,48.360199,-93.659698
500307,48.359901,-93.700897
500307,48.375198,-93.700996
500307,48.3895,-93.678902
500307,48.404099,-93.712097
500307,48.422298,-93.745102
500307,48.438599,-93.740601
500307,48.442001,-93.723
500307,48.453899,-93.7211
500314,47.863098,-95.741898
500314,47.862999,-95.719398
500314,47.862801,-95.709198
500314,47.863098,-95.699097
500314,47.862598,-95.683899
500314,47.862499,-95.656601
500314,47.8722,-95.603302
500314,47.876301,-95.590103
500314,47.875401,-95.556702
500314,47.847301,-95.515602
500315,47.1255,-94.187599
500315,47.1217,-94.207397
500315,47.114201,-94.2127
500315,47.073799,-94.222702
500315,47.069099,-94.244301
500315,47.054699,-94.247597
500315,47.048901,-94.2603
500315,47.0392,-94.255203
500315,47.022202,-94.2509
500315,47.0196,-94.2466
500315,47.013,-94.237198
500316,47.653301,-93.608902
500316,47.659,-93.616501
500316,47.665199,-93.634598
500316,47.669399,-93.643997
500316,47.696999,-93.661003
500316,47.723099,-93.651604
500316,47.7477,-93.650703
500316,47.748199,-93.661201
500316,47.7542,-93.672302
500316,47.754002,-93.686897
500317,47.4048,-92.758499
500317,47.424301,-92.760399
500317,47.428501,-92.769203
500317,47.435699,-92.769402
500317,47.441101,-92.806396
500317,47.453999,-92.7995
500317,47.4534,-92.812897
500317,47.452999,-92.861198
500317,47.505402,-92.888802
500317,47.505299,-92.907501
500319,47.839699,-90.3554
500319,47.8484,-90.346497
500319,47.853699,-90.346703
500319,47.854401,-90.344803
500319,47.855202,-90.339401
500319,47.859402,-90.3246
500319,47.8652,-90.310097
500319,47.8675,-90.307602
500319,47.882702,-90.310204
500319,47.900101,-90.320602
500320,46.911701,-96.547302
500320,46.9174,-96.547203
500320,46.9459,-96.589699
500320,46.9491,-96.604401
500320,46.963299,-96.619797
500320,46.9916,-96.647301
500320,46.991299,-96.668701
500320,47.005699,-96.668503
500320,47.006001,-96.684097
500320,47.020401,-96.686501
500321,46.630001,-95.691101
500321,46.650501,-95.675903
500321,46.6543,-95.6675
500321,46.6665,-95.653099
500321,46.6716,-95.653099
500321,46.6894,-95.684303
500321,46.700199,-95.690002
500321,46.720402,-95.696297
500321,46.746799,-95.707199
500321,46.7537,-95.710701
500321,46.654301,-95.667503
500322,46.718498,-94.379303
500322,46.718601,-94.367104
500322,46.718601,-94.356697
500322,46.7183,-94.342102
500322,46.718399,-94.332603
500322,46.718399,-94.317802
500322,46.7183,-94.289299
500322,46.7183,-94.267502
500322,46.718498,-94.247803
500322,46.730099,-94.238899
500323,46.522598,-93.5382
500323,46.530499,-93.538399
500323,46.535999,-93.531799
500323,46.542,-93.501602
500323,46.546799,-93.496597
500323,46.5555,-93.471901
500323,46.573002,-93.459801
500323,46.583302,-93.446899
500323,46.6064,-93.410599
500323,46.6092,-93.395302
500324,46.9515,-92.586601
500324,46.973801,-92.580399
500324,46.972,-92.565804
500324,46.969002,-92.554497
500324,46.966,-92.543503
500324,46.959301,-92.524696
500324,46.959599,-92.520897
500324,46.9608,-92.497902
500324,46.960602,-92.483498
500324,46.923401,-92.431702
500326,45.3512,-96.1716
500326,45.330502,-96.199402
500326,45.326199,-96.204803
500326,45.327499,-96.216003
500326,45.317799,-96.219498
500326,45.3125,-96.223503
500326,45.310001,-96.2416
500326,45.3036,-96.241501
500326,45.298698,-96.284203
500326,45.2864,-96.282501
500327,45.4216,-95.121696
500327,45.394699,-95.122299
500327,45.387699,-95.125099
500327,45.387501,-95.148903
500327,45.382099,-95.152298
500327,45.3694,-95.152496
500327,45.3606,-95.1726
500327,45.327499,-95.174004
500327,45.325901,-95.188004
500327,45.313301,-95.193001
500328,45.4963,-94.967903
500328,45.497501,-94.959
500328,45.498299,-94.9394
500328,45.486401,-94.925301
500328,45.474499,-94.904701
500328,45.4669,-94.898399
500328,45.460098,-94.892502
500328,45.448299,-94.894302
500328,45.396702,-94.825699
500328,45.3904,-94.825897
500329,45.080399,-93.247704
500329,45.091202,-93.237396
500329,45.107601,-93.2248
500329,45.122002,-93.212196
500329,45.1273,-93.205498
500329,45.138699,-93.192596
500329,45.144299,-93.186897
500329,45.141998,-93.180397
500329,45.158001,-93.161499
500329,45.160702,-93.1567
500330,45.927299,-92.956902
500330,45.920898,-92.958504
500330,45.904202,-92.977097
500330,45.8932,-92.981201
500330,45.875301,-92.987801
500330,45.875401,-93.017403
500330,45.871899,-93.0448
500330,45.869801,-93.061798
500330,45.857399,-93.062302
500330,45.8302,-93.063103
500333,44.803299,-95.058098
500333,44.787899,-95.057899
500333,44.7743,-95.066902
500333,44.768398,-95.076202
500333,44.759201,-95.092201
500333,44.748798,-95.096603
500333,44.745098,-95.085899
500333,44.745098,-95.111397
500333,44.730499,-95.129898
500333,44.730999,-95.151497
500334,44.062,-93.778
500334,44.054001,-93.778297
500334,44.051701,-93.768898
500334,44.0616,-93.739998
500334,44.065701,-93.738197
500334,44.064499,-93.698502
500334,44.064999,-93.677299
500334,44.0662,-93.658699
500334,44.066299,-93.634804
500334,44.064999,-93.618103
500335,44.346699,-92.1577
500335,44.364799,-92.169197
500335,44.377998,-92.186699
500335,44.381001,-92.200897
500335,44.387402,-92.216599
500335,44.367401,-92.219597
500335,44.367802,-92.249702
500335,44.367699,-92.276398
500335,44.368,-92.312599
500335,44.353802,-92.3909
500336,44.091999,-91.962997
500336,44.106098,-91.937698
500336,44.1385,-91.869598
500336,44.149799,-91.864403
500336,44.150299,-91.835297
500336,44.1409,-91.809303
500336,44.136002,-91.805901
500336,44.1287,-91.794899
500336,44.132,-91.7853
500336,44.1186,-91.7704
500336,44.1301,-91.800903
500336,44.129002,-91.7882
500337,43.528599,-96.133698
500337,43.572102,-96.081497
500337,43.580502,-96.072098
500337,43.5882,-96.0588
500337,43.5966,-96.052399
500337,43.596901,-96.034103
500337,43.6171,-96.007202
500337,43.644699,-95.990402
500337,43.6577,-95.990601
500337,43.668701,-95.991501
500339,43.920399,-94.429802
500339,43.9207,-94.403198
500339,43.920601,-94.395798
500339,43.920502,-94.361198
500339,43.9207,-94.345901
500339,43.912899,-94.307198
500339,43.912899,-94.299004
500339,43.912899,-94.293602
500339,43.920399,-94.253899
500339,43.926601,-94.238998
500340,43.8848,-93.344902
500340,43.8908,-93.342201
500340,43.905602,-93.325897
500340,43.908001,-93.3069
500340,43.923302,-93.305603
500340,43.936501,-93.286102
500340,43.946201,-93.285599
500340,43.978802,-93.269096
500340,43.971401,-93.246002
500340,43.9935,-93.221199
500341,43.848801,-92.672203
500341,43.805599,-92.659103
500341,43.791599,-92.637398
500341,43.776699,-92.629303
500341,43.772499,-92.610901
500341,43.759899,-92.611
500341,43.747002,-92.590698
500341,43.730499,-92.568001
500341,43.725601,-92.559799
500341,43.715199,-92.526802
500342,43.858799,-91.848602
500342,43.844799,-91.844299
500342,43.833599,-91.8423
500342,43.787201,-91.834099
500342,43.7798,-91.862999
500342,43.763401,-91.865898
500342,43.746601,-91.861298
500342,43.730701,-91.834
500342,43.710701,-91.831398
500342,43.7257,-91.811798
500371,45.486801,-93.695297
500371,45.4874,-93.6856
500371,45.4856,-93.685097
500371,45.482399,-93.685097
500371,45.478001,-93.685699
500371,45.466599,-93.680199
500371,45.465599,-93.677696
500371,45.467602,-93.664398
500371,45.4715,-93.664101
500371,45.4631,-93.688797
500373,47.619202,-91.343399
500373,47.618,-91.3302
500373,47.617901,-91.321297
500373,47.6199,-91.297997
500373,47.616199,-91.276398
500373,47.6106,-91.258797
500373,47.616402,-91.241302
500373,47.6213,-91.234299
500373,47.629799,-91.223099
500373,47.641499,-91.204002
500380,45.498901,-92.711304
500380,45.5163,-92.747299
500380,45.516201,-92.729202
500380,45.5229,-92.732597
500380,45.529499,-92.727699
500380,45.536701,-92.728798
500380,45.543098,-92.7341
500380,45.543701,-92.753799
500380,45.554298,-92.8339
500380,45.556702,-92.857498
500391,45.180901,-93.635399
500391,45.184399,-93.644096
500391,45.188099,-93.653297
500391,45.188801,-93.6464
500391,45.189301,-93.643997
500391,45.190102,-93.641502
500391,45.195,-93.6418
500391,45.197102,-93.611099
500391,45.174599,-93.625198
500391,45.1586,-93.636398
500395,44.7896,-93.144798
500395,44.789902,-93.124397
500395,44.789902,-93.119598
500395,44.771599,-93.125504
500395,44.7756,-93.125801
500395,44.7756,-93.137001
500395,44.775799,-93.146599
500395,44.780499,-93.166
500395,44.780499,-93.157501
500395,44.783901,-93.156197
500402,49.345001,-95.070999
500402,49.338001,-95.069
500402,49.344002,-95.047997
500402,49.338001,-95.028999
500402,49.332001,-95.046997
500402,49.308998,-95.047997
500402,49.300999,-95.064003
500402,49.299999,-95.086998
500402,49.296001,-95.111
500402,49.299,-95.134003
500404,48.197201,-96.177002
500404,48.188099,-96.175598
500404,48.178101,-96.111801
500404,48.180801,-96.071503
500404,48.179798,-96.021896
500404,48.180302,-96.005699
500404,48.163101,-96.0056
500404,48.151501,-95.992996
500404,48.141899,-95.980003
500404,48.134201,-95.971603
500405,48.661098,-95.342499
500405,48.670502,-95.3423
500405,48.683701,-95.342598
500405,48.692501,-95.342499
500405,48.7015,-95.342598
500405,48.712601,-95.337601
500405,48.723202,-95.330299
500405,48.752998,-95.330299
500405,48.7616,-95.330101
500405,48.809898,-95.330299
500408,48.055801,-92.785103
500408,48.049801,-92.812599
500408,48.037102,-92.8172
500408,48.034401,-92.837097
500408,48.0345,-92.863297
500408,48.016701,-92.873199
500408,48.008701,-92.911201
500408,47.998901,-92.917999
500408,47.992699,-92.917801
500408,47.985699,-92.917702
500411,47.8797,-89.853996
500411,47.8843,-89.848503
500411,47.894199,-89.840302
500411,47.902599,-89.826698
500411,47.912201,-89.8228
500411,47.918201,-89.819504
500411,47.935101,-89.801804
500411,47.947399,-89.786697
500411,47.958199,-89.780701
500411,47.962799,-89.780502
500413,47.513699,-96.782097
500413,47.513401,-96.751297
500413,47.484299,-96.751198
500413,47.470001,-96.761803
500413,47.462799,-96.7724
500413,47.440498,-96.815201
500413,47.411701,-96.8358
500413,47.389099,-96.835197
500413,47.353901,-96.833099
500413,47.353298,-96.853401
500414,47.6157,-95.791801
500414,47.6227,-95.791496
500414,47.6311,-95.797699
500414,47.629002,-95.8125
500414,47.642601,-95.808403
500414,47.650299,-95.830498
500414,47.660301,-95.840698
500414,47.665501,-95.857002
500414,47.674301,-95.861702
500414,47.6945,-95.909203
500415,47.630501,-94.325897
500415,47.6348,-94.326698
500415,47.653702,-94.328796
500415,47.6595,-94.343002
500415,47.667099,-94.349899
500415,47.674099,-94.354301
500415,47.6819,-94.351402
500415,47.687,-94.354698
500415,47.700401,-94.373199
500415,47.714901,-94.3741
500416,47.123798,-93.523201
500416,47.131802,-93.485497
500416,47.1369,-93.4635
500416,47.145199,-93.453903
500416,47.173698,-93.434303
500416,47.1814,-93.405502
500416,47.1926,-93.406998
500416,47.195702,-93.391098
500416,47.2043,-93.385201
500416,47.2272,-93.352203
500416,47.136902,-93.463501
500417,47.6423,-92.587097
500417,47.656601,-92.568398
500417,47.680302,-92.572701
500417,47.695499,-92.559502
500417,47.702499,-92.533897
500417,47.713501,-92.520401
500417,47.716801,-92.5009
500417,47.733601,-92.4832
500417,47.742001,-92.485298
500417,47.7519,-92.4804
500418,47.166801,-91.772598
500418,47.161301,-91.769501
500418,47.152401,-91.760101
500418,47.144402,-91.755898
500418,47.1091,-91.748497
500418,47.086498,-91.737701
500418,47.0811,-91.724197
500418,47.0639,-91.707901
500418,47.048302,-91.712402
500418,47.048199,-91.694603
500419,48.069901,-90.622704
500419,48.068901,-90.614197
500419,48.068298,-90.601501
500419,48.068001,-90.585701
500419,48.067799,-90.580597
500419,48.066799,-90.5672
500419,48.0639,-90.553001
500419,48.060902,-90.549896
500419,48.0556,-90.5638
500419,48.0552,-90.5758
500419,48.055099,-90.5494
500419,48.055302,-90.543602
500420,46.469501,-96.195801
500420,46.458,-96.2089
500420,46.4492,-96.219704
500420,46.425999,-96.212799
500420,46.425999,-96.255699
500420,46.4179,-96.261101
500420,46.411598,-96.2612
500420,46.4119,-96.285103
500420,46.399799,-96.293602
500420,46.397202,-96.302902
500421,46.1521,-95.382698
500421,46.173199,-95.377701
500421,46.201,-95.394501
500421,46.2103,-95.393204
500421,46.246601,-95.373596
500421,46.259499,-95.375999
500421,46.268299,-95.378998
500421,46.2747,-95.391197
500421,46.297401,-95.384003
500421,46.313599,-95.395599
500422,46.039299,-94.167198
500422,46.021198,-94.1464
500422,46.012699,-94.134697
500422,45.974098,-94.072502
500422,45.969601,-94.062897
500422,45.9697,-94.045403
500422,45.9599,-94.031502
500422,45.942299,-94.031197
500422,45.941002,-94.015701
500422,45.9459,-94.010399
500423,46.608501,-93.197304
500423,46.623402,-93.243103
500423,46.618301,-93.263603
500423,46.615299,-93.274101
500423,46.609699,-93.307297
500423,46.609501,-93.319603
500423,46.630199,-93.338097
500423,46.6091,-93.359001
500423,46.6092,-93.374397
500423,46.608898,-93.390404
500424,46.475201,-92.794998
500424,46.478001,-92.804001
500424,46.484699,-92.826698
500424,46.491501,-92.836899
500424,46.529701,-92.784103
500424,46.547401,-92.784698
500424,46.560001,-92.801804
500424,46.572498,-92.801498
500424,46.593102,-92.819199
500424,46.6129,-92.828697
500426,45.397999,-96.240601
500426,45.397999,-96.256302
500426,45.398499,-96.271103
500426,45.397202,-96.282402
500426,45.3988,-96.297203
500426,45.398998,-96.307098
500426,45.3983,-96.326202
500426,45.398998,-96.336601
500426,45.398399,-96.357201
500426,45.3997,-96.365501
500427,45.955502,-95.098701
500427,45.9701,-95.101898
500427,45.979698,-95.115303
500427,45.988499,-95.110199
500427,46.026699,-95.113602
500427,46.035702,-95.113197
500427,46.052101,-95.117203
500427,46.060001,-95.112198
500427,46.0648,-95.112
500427,46.075802,-95.117302
500428,45.4799,-94.846703
500428,45.471401,-94.851196
500428,45.455101,-94.870399
500428,45.450699,-94.875504
500428,45.458,-94.894699
500428,45.449902,-94.9021
500428,45.444199,-94.9077
500428,45.441299,-94.925697
500428,45.433998,-94.922401
500428,45.426399,-94.942497
500429,45.188202,-93.4422
500429,45.196899,-93.441597
500429,45.199501,-93.445503
500429,45.2001,-93.468002
500429,45.199501,-93.478699
500429,45.2038,-93.488602
500429,45.212299,-93.501999
500429,45.223202,-93.502502
500429,45.227299,-93.5019
500429,45.232399,-93.501602
500430,45.059601,-92.922699
500430,45.058998,-92.894203
500430,45.069302,-92.8955
500430,45.0779,-92.864601
500430,45.090698,-92.862198
500430,45.104698,-92.865997
500430,45.122002,-92.869598
500430,45.125702,-92.847801
500430,45.122799,-92.831497
500430,45.128799,-92.819298
500432,44.443001,-95.5383
500432,44.442799,-95.523102
500432,44.428398,-95.490898
500432,44.4282,-95.473396
500432,44.428101,-95.385902
500432,44.4384,-95.3703
500432,44.442299,-95.362396
500432,44.442799,-95.3181
500432,44.428299,-95.257896
500432,44.443001,-95.270203
500433,44.632,-94.154198
500433,44.626301,-94.165802
500433,44.618698,-94.167503
500433,44.6049,-94.191704
500433,44.595501,-94.194504
500433,44.585602,-94.237297
500433,44.5756,-94.255798
500433,44.566299,-94.256104
500433,44.5583,-94.288498
500433,44.5504,-94.316803
500434,44.371799,-93.260399
500434,44.3731,-93.284897
500434,44.392399,-93.283699
500434,44.398399,-93.247902
500434,44.4151,-93.239098
500434,44.465401,-93.192398
500434,44.494301,-93.177299
500434,44.494701,-93.162003
500434,44.507198,-93.128403
500434,44.511902,-93.101601
500435,44.522701,-92.911697
500435,44.528999,-93.070396
500435,44.512299,-93.099701
500435,44.5149,-93.105202
500435,44.5149,-93.142998
500435,44.529598,-93.180801
500435,44.529598,-93.191902
500435,44.531502,-93.2108
500435,44.536701,-93.225601
500435,44.536701,-93.235497
500439,43.834,-94.607002
500439,43.830002,-94.613998
500439,43.819,-94.623001
500439,43.814999,-94.634003
500439,43.805,-94.627998
500439,43.790001,-94.629997
500439,43.764999,-94.695
500439,43.733002,-94.735001
500439,43.719002,-94.75
500439,43.717999,-94.766998
500441,43.585899,-92.334297
500441,43.585602,-92.306801
500441,43.586102,-92.283401
500441,43.578098,-92.256302
500441,43.5784,-92.236801
500441,43.597,-92.165901
500441,43.584499,-92.129501
500441,43.610401,-92.100502
500441,43.6236,-92.105598
500441,43.609001,-92.1418
500442,43.557201,-91.674896
500442,43.567902,-91.677299
500442,43.5509,-91.672203
500442,43.5425,-91.671898
500442,43.5345,-91.673302
500442,43.518398,-91.677101
500442,43.507401,-91.668297
500471,47.662399,-96.089203
500471,47.667999,-96.098602
500471,47.672298,-96.112602
500471,47.664299,-96.113602
500471,47.659199,-96.099098
500471,47.657398,-96.111603
500471,47.657501,-96.127098
500471,47.649601,-96.109497
500471,47.646,-96.094597
500471,47.6539,-96.0923
500473,47.5867,-94.2799
500473,47.572399,-94.276604
500473,47.556099,-94.253403
500473,47.539398,-94.256203
500473,47.5368,-94.267403
500473,47.556499,-94.304604
500473,47.5653,-94.309799
500473,47.5783,-94.302902
500473,47.584999,-94.300598
500473,47.5854,-94.288002
500493,45.080101,-93.1567
500493,45.0804,-93.1517
500493,45.086399,-93.147697
500493,45.107601,-93.155296
500493,45.1021,-93.1549
500493,45.0937,-93.157303
500493,45.0998,-93.165001
500493,45.107399,-93.163597
500493,45.1073,-93.169701
500493,45.1045,-93.178703
500493,45.097,-93.148003
500495,44.568199,-93.228104
500495,44.575901,-93.228104
500495,44.569099,-93.237801
500495,44.557899,-93.227303
500495,44.550499,-93.223099
500495,44.544399,-93.208397
500495,44.5443,-93.191803
500495,44.5443,-93.157501
500495,44.5331,-93.135597
500495,44.496899,-93.1203
500504,48.853401,-96.820396
500504,48.869999,-96.8209
500504,48.9053,-96.820702
500504,48.9198,-96.820503
500504,48.926201,-96.842697
500504,48.9491,-96.831299
500504,48.964199,-96.820702
500504,48.9776,-96.817596
500504,48.977501,-96.775703
500504,48.9772,-96.744202
500505,48.519299,-95.427902
500505,48.5107,-95.427002
500505,48.511002,-95.410896
500505,48.4963,-95.406303
500505,48.495899,-95.393402
500505,48.495899,-95.377197
500505,48.496201,-95.348701
500505,48.4958,-95.326797
500505,48.452599,-95.314697
500505,48.4529,-95.291298
500506,48.467701,-94.1548
500506,48.466202,-94.190498
500506,48.444801,-94.1912
500506,48.432301,-94.199799
500506,48.414101,-94.204102
500506,48.476002,-94.189301
500506,48.483398,-94.209702
500506,48.4753,-94.239304
500506,48.468899,-94.328003
500506,48.473099,-94.382599
500508,48.187099,-92.366798
500508,48.185902,-92.3601
500508,48.168598,-92.3591
500508,48.1492,-92.379303
500508,48.1539,-92.4189
500508,48.161098,-92.491699
500508,48.173,-92.516403
500508,48.165401,-92.526802
500508,48.1255,-92.519501
500508,48.120998,-92.524498
500513,47.977901,-96.352402
500513,47.9631,-96.384598
500513,47.9631,-96.402298
500513,47.963699,-96.4543
500513,47.963402,-96.473701
500513,47.9636,-96.512703
500513,47.963699,-96.549202
500513,47.963699,-96.572601
500513,47.9636,-96.613701
500513,47.9632,-96.709602
500514,47.878799,-95.621002
500514,47.8923,-95.621201
500514,47.903999,-95.621498
500514,47.9282,-95.622803
500514,47.9566,-95.622704
500514,47.981499,-95.623199
500514,48.001598,-95.584602
500514,47.987301,-95.566704
500514,47.989498,-95.511803
500514,47.971401,-95.446999
500515,47.4543,-94.714104
500515,47.454601,-94.723
500515,47.4547,-94.740799
500515,47.4589,-94.757896
500515,47.465801,-94.758301
500515,47.481602,-94.8013
500515,47.4925,-94.830299
500515,47.5042,-94.822197
500515,47.524101,-94.815804
500515,47.5346,-94.8195
500515,47.511501,-94.800797
500517,47.4884,-92.239601
500517,47.523,-92.1783
500517,47.4865,-92.059303
500517,47.477402,-92.035896
500517,47.4576,-92.028603
500517,47.445599,-92.023598
500517,47.4049,-92.0252
500517,47.392101,-92.011803
500517,47.3722,-92.013702
500517,47.372299,-91.968597
500517,47.372398,-91.9403
500518,47.8372,-91.097298
500518,47.825001,-91.086098
500518,47.812199,-91.084297
500518,47.805099,-91.077698
500518,47.798901,-91.065697
500518,47.789001,-91.059097
500518,47.777699,-91.059799
500518,47.769402,-91.0606
500518,47.762299,-91.064796
500518,47.744499,-91.086502
500519,48.075901,-90.366798
500519,48.064098,-90.397797
500519,48.059799,-90.406403
500519,48.055401,-90.414398
500519,48.046001,-90.424103
500519,48.0411,-90.4338
500519,48.033001,-90.433998
500519,48.028801,-90.4076
500519,48.008999,-90.370499
500519,48.0009,-90.356796
500520,45.991402,-96.153198
500520,45.9711,-96.1194
500520,45.965,-96.1119
500520,45.933701,-96.029602
500520,45.922298,-96.025703
500520,45.911201,-96.026199
500520,45.9039,-96.020302
500520,45.893902,-95.989197
500520,45.891201,-95.967796
500520,45.886002,-95.951897
500521,46.862301,-95.944
500521,46.872799,-95.942299
500521,46.880901,-95.944298
500521,46.890701,-95.955002
500521,46.9193,-95.952904
500521,46.950401,-95.942001
500521,46.965801,-95.946098
500521,46.9631,-95.962303
500521,46.971401,-95.979698
500521,46.988602,-95.977699
500522,46.7551,-94.449997
500522,46.763401,-94.4347
500522,46.762901,-94.404297
500522,46.763302,-94.387398
500522,46.777699,-94.327698
500522,46.7789,-94.305099
500522,46.784698,-94.304703
500522,46.795101,-94.298698
500522,46.818501,-94.268402
500522,46.827301,-94.257401
500523,46.421001,-93.165199
500523,46.420502,-93.135002
500523,46.4203,-93.095299
500523,46.393501,-93.093697
500523,46.391602,-93.060699
500523,46.391102,-93.042999
500523,46.405998,-93.005898
500523,46.402901,-92.988197
500523,46.4212,-92.9879
500523,46.431099,-92.988503
500524,46.390301,-92.908798
500524,46.375198,-92.939796
500524,46.368999,-92.922401
500524,46.353699,-92.9132
500524,46.318699,-92.909203
500524,46.304401,-92.907898
500524,46.289501,-92.908203
500524,46.271999,-92.907799
500524,46.2169,-92.908897
500524,46.206001,-92.907204
500527,45.347599,-95.237801
500527,45.340599,-95.274803
500527,45.3228,-95.269501
500527,45.318298,-95.2808
500527,45.2971,-95.295601
500527,45.296501,-95.316299
500527,45.282001,-95.337502
500527,45.268002,-95.357597
500527,45.2397,-95.355797
500527,45.241699,-95.398003
500528,45.1217,-94.018402
500528,45.1092,-94.013802
500528,45.1017,-94.0112
500528,45.0914,-94.010902
500528,45.0821,-94.010803
500528,45.0675,-94.0112
500528,45.0522,-94.015099
500528,45.0438,-94.024101
500528,45.034,-94.023499
500528,45.025101,-94.023697
500528,45.0145,-94.017799
500529,45.336899,-93.201401
500529,45.336498,-93.221901
500529,45.326801,-93.252197
500529,45.322399,-93.278603
500529,45.3163,-93.2791
500529,45.334301,-93.306503
500529,45.334202,-93.320602
500529,45.325901,-93.340103
500529,45.3307,-93.3424
500529,45.333302,-93.375099
500529,45.313,-93.267303
500530,45.518101,-92.953201
500530,45.512699,-92.899101
500530,45.562801,-92.864502
500530,45.545799,-92.853996
500530,45.542599,-92.843201
500530,45.541801,-92.805801
500530,45.527901,-92.790901
500530,45.499298,-92.950798
500530,45.490002,-92.960297
500530,45.487598,-92.980797
500531,44.7757,-96.047997
500531,44.775299,-96.021896
500531,44.775501,-95.986
500531,44.7756,-95.962402
500531,44.775902,-95.932198
500531,44.7738,-95.828697
500531,44.776402,-95.808601
500531,44.7654,-95.805702
500531,44.7696,-95.767403
500531,44.775501,-95.733597
500532,44.4566,-95.290298
500532,44.438499,-95.270103
500532,44.428398,-95.252197
500532,44.369701,-95.248199
500532,44.328701,-95.248199
500532,44.282299,-95.248802
500532,44.264702,-95.249199
500532,44.2523,-95.249199
500532,44.253201,-95.229103
500532,44.2724,-95.208504
500533,44.323799,-94.904099
500533,44.3242,-94.890701
500533,44.3274,-94.847298
500533,44.327801,-94.8097
500533,44.310001,-94.801498
500533,44.316898,-94.782799
500533,44.327,-94.783699
500533,44.335602,-94.778
500533,44.338001,-94.758598
500533,44.339199,-94.715897
500534,44.671902,-93.458099
500534,44.662102,-93.4589
500534,44.651501,-93.4655
500534,44.653702,-93.512199
500534,44.648899,-93.518501
500534,44.634399,-93.519501
500534,44.629902,-93.5299
500534,44.6292,-93.538101
500534,44.606701,-93.552696
500534,44.574001,-93.578598
500535,44.198002,-92.841599
500535,44.195702,-92.830299
500535,44.198898,-92.812202
500535,44.1684,-92.817497
500535,44.160301,-92.776497
500535,44.130699,-92.780197
500535,44.1217,-92.776604
500535,44.1408,-92.818901
500535,44.120602,-92.819504
500535,44.075802,-92.755898
500539,43.800999,-94.835197
500539,43.771599,-94.854202
500539,43.7616,-94.851601
500539,43.7617,-94.839798
500539,43.750702,-94.814301
500539,43.747299,-94.7995
500539,43.729698,-94.774597
500539,43.7178,-94.769402
500539,43.732101,-94.814598
500539,43.775902,-94.877899
500541,43.7657,-92.0034
500541,43.753399,-92.011002
500541,43.7498,-91.9958
500541,43.757301,-92.0037
500541,43.76,-92.0146
500541,43.754398,-92.012703
500541,43.759399,-92.005096
500541,43.762402,-92.008202
500541,43.763199,-92.003899
500541,43.764999,-92.005699
500541,43.7528,-91.996696
500541,43.758598,-92.003403
500541,43.7486,-91.990402
500542,43.7127,-91.4564
500542,43.751499,-91.491302
500542,43.7515,-91.4913
500542,43.7648,-91.4502
500542,43.769699,-91.4478
500542,43.7757,-91.446503
500542,43.8074,-91.452698
500542,43.8186,-91.450203
500542,43.8433,-91.4822
500542,43.8433,-91.482201
500542,43.7234,-91.462303
500542,43.7299,-91.472
500542,43.764801,-91.450203
500542,43.851398,-91.500999
500571,47.046001,-95.622498
500571,47.039101,-95.606003
500571,47.028099,-95.602997
500571,46.989399,-95.634903
500571,46.969101,-95.6269
500571,46.956902,-95.6157
500571,46.936699,-95.623299
500571,46.9221,-95.628601
500571,46.9207,-95.644699
500571,46.945202,-95.658997
500573,47.693501,-91.440102
500573,47.687302,-91.431702
500573,47.667301,-91.4496
500573,47.654099,-91.457703
500573,47.645199,-91.443398
500573,47.625599,-91.398399
500573,47.618999,-91.4216
500573,47.596699,-91.454697
500573,47.586601,-91.459503
500573,47.578701,-91.462402
500591,44.841702,-93.371399
500591,44.842098,-93.368797
500591,44.844002,-93.369904
500591,44.8414,-93.363197
500591,44.839,-93.372
500591,44.832699,-93.369598
500591,44.829,-93.378
500591,44.8242,-93.364899
500591,44.818501,-93.373901
500591,44.839001,-93.406601
500593,45.053001,-93.145203
500593,45.052101,-93.139801
500593,45.051701,-93.139198
500593,45.051701,-93.144203
500593,45.047401,-93.152
500593,45.047001,-93.153198
500593,45.0462,-93.153503
500593,45.046001,-93.155403
500593,45.044399,-93.155502
500593,45.045399,-93.148399
500595,44.936298,-93.663399
500595,44.939201,-93.691498
500595,44.9491,-93.719704
500595,44.949699,-93.736702
500595,44.949799,-93.753304
500595,44.954899,-93.763
500595,44.944801,-93.7677
500595,44.934399,-93.767799
500595,44.927898,-93.737198
500595,44.923901,-93.709396
500615,47.657001,-94.769203
500615,47.656101,-94.779701
500615,47.657101,-94.789803
500615,47.6586,-94.799797
500615,47.630001,-94.767097
500615,47.6283,-94.776901
500615,47.625099,-94.781998
500615,47.604401,-94.781303
500615,47.6133,-94.782501
500615,47.619499,-94.788101
500616,46.728802,-92.695801
500616,46.744801,-92.682999
500616,46.7015,-92.682602
500616,46.711899,-92.637604
500616,46.6777,-92.6772
500616,46.7057,-92.519997
500616,46.774399,-92.553001
500616,46.782398,-92.589104
500616,46.781601,-92.638397
500616,46.845901,-92.627296
500621,46.238098,-95.724297
500621,46.227402,-95.728104
500621,46.226799,-95.742203
500621,46.2244,-95.750298
500621,46.2202,-95.759003
500621,46.2108,-95.755302
500621,46.2015,-95.749702
500621,46.191799,-95.749901
500621,46.165901,-95.750504
500621,46.165401,-95.786102
500622,46.687,-94.022301
500622,46.6861,-94.028503
500622,46.683201,-94.035103
500622,46.678398,-94.038498
500622,46.674702,-94.044296
500622,46.672298,-94.038597
500622,46.667702,-94.042603
500622,46.660702,-94.069901
500622,46.684101,-94.104401
500622,46.6819,-94.099998
500623,46.538399,-93.301399
500623,46.5396,-93.340202
500623,46.5382,-93.358902
500623,46.5336,-93.375397
500623,46.519699,-93.384399
500623,46.528801,-93.3983
500623,46.539101,-93.367599
500623,46.5625,-93.363998
500623,46.549,-93.292999
500623,46.509602,-93.322899
500624,45.6646,-93.124802
500624,45.6735,-93.1483
500624,45.673,-93.182999
500624,45.683102,-93.171204
500624,45.687698,-93.167603
500624,45.688099,-93.148804
500624,45.6847,-93.128899
500624,45.681,-93.117599
500624,45.683998,-93.110802
500624,45.688499,-93.099701
500627,45.339901,-95.975998
500627,45.3349,-95.963501
500627,45.326,-95.988701
500627,45.312099,-96.039597
500627,45.312,-96.052498
500627,45.332001,-96.056602
500627,45.341202,-96.052597
500627,45.345501,-96.030602
500627,45.3456,-96.014603
500627,45.338902,-95.987099
500628,45.585999,-94.796997
500628,45.585701,-94.697899
500628,45.620098,-94.728699
500628,45.6381,-94.729103
500628,45.6587,-94.7485
500628,45.6954,-94.732101
500628,45.705002,-94.744698
500628,45.714401,-94.746399
500628,45.728199,-94.7677
500628,45.7187,-94.813797
500628,45.627998,-94.715401
500629,45.648701,-93.727898
500629,45.643101,-93.722198
500629,45.640099,-93.697098
500629,45.639999,-93.686401
500629,45.644798,-93.666
500629,45.663101,-93.659203
500629,45.654701,-93.656898
500629,45.649101,-93.653198
500629,45.644402,-93.6465
500629,45.640999,-93.636703
500630,45.381001,-92.748398
500630,45.370399,-92.748802
500630,45.362801,-92.7481
500630,45.3549,-92.758202
500630,45.361301,-92.769402
500630,45.346901,-92.753799
500630,45.3367,-92.7528
500630,45.328999,-92.7528
500630,45.321499,-92.753502
500630,45.346901,-92.745598
500631,44.108799,-96.185303
500631,44.095402,-96.175102
500631,44.095001,-96.167999
500631,44.080898,-96.161201
500631,44.067101,-96.145798
500631,44.066399,-96.136299
500631,44.051899,-96.108902
500631,44.029099,-96.084702
500631,44.0079,-96.047096
500631,44.0037,-96.045502
500632,44.138302,-95.7789
500632,44.1436,-95.794403
500632,44.1549,-95.794403
500632,44.166901,-95.783798
500632,44.191601,-95.7743
500632,44.2103,-95.7995
500632,44.217999,-95.814598
500632,44.225399,-95.808403
500632,44.224701,-95.794601
500632,44.225201,-95.783997
500633,44.319901,-93.973198
500633,44.339901,-94.133301
500633,44.341801,-94.150703
500633,44.348099,-94.267097
500633,44.295601,-94.353401
500633,44.277401,-94.352997
500633,44.279598,-94.233299
500633,44.283501,-94.216797
500633,44.284,-94.159302
500633,44.2924,-94.151001
500634,44.840302,-93.4515
500634,44.822601,-93.511803
500634,44.851101,-93.5037
500634,44.843601,-93.4981
500634,44.8508,-93.509102
500634,44.854198,-93.472
500634,44.8424,-93.468803
500634,44.855499,-93.457802
500634,44.864601,-93.509003
500634,44.838699,-93.480202
500635,44.465698,-92.287903
500635,44.468899,-92.293701
500635,44.511799,-92.324997
500635,44.514999,-92.356201
500635,44.517502,-92.375099
500635,44.497601,-92.390999
500635,44.4711,-92.349998
500635,44.460499,-92.323799
500635,44.451698,-92.3358
500635,44.459999,-92.293602
500638,43.935699,-95.837898
500638,43.9356,-95.810303
500638,43.9352,-95.791496
500638,43.934299,-95.737701
500638,43.935001,-95.721703
500638,43.942402,-95.662498
500638,43.953098,-95.6446
500638,43.972,-95.601601
500638,43.979301,-95.593903
500638,43.9729,-95.563599
500642,43.525002,-91.3265
500642,43.525501,-91.317802
500642,43.5177,-91.309097
500642,43.506199,-91.297096
500642,43.5014,-91.285698
500642,43.5401,-91.280899
500642,43.589901,-91.2855
500642,43.605801,-91.301804
500642,43.613602,-91.329498
500642,43.593201,-91.282799
500671,46.103699,-92.832001
500671,46.105598,-92.834198
500671,46.1021,-92.8386
500671,46.104599,-92.843697
500671,46.098301,-92.845596
500671,46.0942,-92.851501
500671,46.096401,-92.836502
500671,46.092999,-92.837303
500671,46.0858,-92.827499
500671,46.082199,-92.845001
500695,45.246101,-93.378098
500695,45.2436,-93.3699
500695,45.256,-93.36
500695,45.2609,-93.3574
500695,45.2631,-93.3172
500695,45.256699,-93.317101
500695,45.230999,-93.347298
500695,45.238499,-93.349197
500695,45.2272,-93.362396
500695,45.22,-93.3654
500695,45.2495,-93.368797
500695,45.264702,-93.347397
500695,45.2658,-93.3256
500695,45.228401,-93.370399
500714,47.311001,-95.952499
500714,47.281898,-95.937698
500714,47.251999,-95.8759
500714,47.236301,-95.784698
500714,47.279701,-95.731102
500714,47.302399,-95.783699
500714,47.3106,-95.787903
500714,47.344601,-95.804901
500714,47.386299,-95.868202
500714,47.336102,-95.869003
500716,47.1576,-93.615501
500716,47.135799,-93.595497
500716,47.136398,-93.5811
500716,47.137699,-93.614304
500716,47.139301,-93.667397
500716,47.146301,-93.662903
500716,47.163799,-93.6455
500716,47.183102,-93.660698
500716,47.188599,-93.618103
500716,47.160801,-93.624702
500717,47.6922,-92.305298
500717,47.692299,-92.326698
500717,47.680099,-92.315804
500717,47.6632,-92.331703
500717,47.659199,-92.359901
500717,47.658901,-92.379601
500717,47.651699,-92.389099
500717,47.625702,-92.391502
500717,47.609001,-92.392601
500717,47.588902,-92.370697
500718,47.735199,-91.781097
500718,47.717999,-91.7854
500718,47.707901,-91.787598
500718,47.7019,-91.771103
500718,47.694599,-91.763603
500718,47.6922,-91.758499
500718,47.694401,-91.748001
500718,47.697701,-91.735703
500718,47.709301,-91.6931
500718,47.708801,-91.6633
500721,46.659901,-95.801003
500721,46.610802,-95.844902
500721,46.598701,-95.866302
500721,46.600498,-95.8899
500721,46.6073,-95.881302
500721,46.610001,-95.916496
500721,46.625099,-95.926201
500721,46.639599,-95.949699
500721,46.642502,-95.8741
500721,46.642799,-95.860001
500722,46.360001,-94.287804
500722,46.354698,-94.267799
500722,46.372799,-94.265297
500722,46.3699,-94.297203
500722,46.366901,-94.305901
500722,46.356201,-94.306099
500722,46.357601,-94.314003
500722,46.3621,-94.3178
500722,46.3618,-94.3276
500722,46.344501,-94.292603
500722,46.346298,-94.268402
500722,46.3433,-94.258904
500723,46.3186,-93.862602
500723,46.322601,-93.871101
500723,46.3232,-93.883301
500723,46.318699,-93.893997
500723,46.325199,-93.908897
500723,46.315701,-93.915703
500723,46.325901,-93.924797
500723,46.3349,-93.919998
500723,46.3428,-93.862503
500723,46.3312,-93.862396
500724,46.415798,-92.730797
500724,46.396198,-92.725601
500724,46.3894,-92.718201
500724,46.404202,-92.6996
500724,46.397701,-92.718002
500724,46.391399,-92.761398
500724,46.415501,-92.769302
500724,46.405602,-92.783501
500724,46.390499,-92.783699
500724,46.374298,-92.796303
500727,46.016602,-95.329903
500727,46.0205,-95.307999
500727,46.015999,-95.229698
500727,46.003201,-95.228996
500727,45.976799,-95.223999
500727,45.976501,-95.212303
500727,45.976601,-95.201103
500727,45.972198,-95.198502
500727,45.964001,-95.198601
500727,45.9618,-95.1884
500728,45.5588,-94.389
500728,45.577202,-94.3946
500728,45.591609,-94.3917155
500728,45.5906017,-94.4111333
500728,45.5967927,-94.408002
500728,45.588402,-94.435699
500728,45.5737,-94.454803
500728,45.577202,-94.466599
500728,45.5611198,-94.4771768
500728,45.562302,-94.448402
500728,45.594799,-94.415001
500728,45.580101,-94.4104
500728,45.5625,-94.4842
500728,45.573601,-94.481201
500729,45.176498,-93.702797
500729,45.1633,-93.730797
500729,45.165901,-93.765503
500729,45.172401,-93.783096
500729,45.209301,-93.796402
500729,45.251701,-93.792099
500729,45.233799,-93.7416
500729,45.218498,-93.726997
500729,45.179001,-93.730598
500729,45.174099,-93.685997
500732,44.080299,-95.8442
500732,44.037102,-95.895897
500732,44.0224,-95.922096
500732,44.008099,-95.926598
500732,44.0051,-95.943398
500732,43.9897,-95.953796
500732,43.978802,-95.953598
500732,43.964298,-95.9571
500732,43.9641,-95.948601
500732,43.9566,-95.943001
500734,44.742298,-93.257698
500734,44.7225,-93.280403
500734,44.728401,-93.311203
500734,44.741901,-93.307404
500734,44.738499,-93.299698
500734,44.748402,-93.326103
500734,44.772999,-93.324799
500734,44.803799,-93.278702
500734,44.7906,-93.273399
500734,44.773998,-93.241997
500735,44.887001,-92.942398
500735,44.834,-92.888298
500735,44.835499,-92.835899
500735,44.848801,-92.814598
500735,44.832298,-92.791397
500735,44.7985,-92.805
500735,44.800499,-92.9702
500735,44.7952,-92.982498
500735,44.848999,-92.975403
500735,44.883801,-92.975403
500742,43.783298,-91.299599
500742,43.777199,-91.299202
500742,43.772499,-91.301399
500742,43.768501,-91.336502
500742,43.7827,-91.337502
500742,43.809898,-91.304001
500742,43.821899,-91.303497
500742,43.829601,-91.298401
500742,43.825298,-91.281601
500742,43.8181,-91.274498
500791,44.7052,-93.323601
500791,44.707901,-93.330002
500791,44.718899,-93.3405
500791,44.713001,-93.344902
500791,44.708199,-93.353996
500791,44.697601,-93.344597
500791,44.6945,-93.338203
500791,44.691002,-93.340302
500791,44.6856,-93.338303
500791,44.693401,-93.319298
500795,44.896,-93.376198
500795,44.8391,-93.375397
500795,44.847301,-93.351303
500795,44.8811,-93.292198
500795,44.828701,-93.244102
500795,44.8871,-93.266197
500795,44.851398,-93.2267
500795,44.928299,-93.3004
500795,44.897202,-93.268997
500814,47.039501,-95.012299
500814,47.044399,-95.005997
500814,47.1315,-95.006897
500814,47.137402,-95.0308
500814,47.136501,-95.058601
500814,47.131802,-95.067802
500814,47.108398,-95.101997
500814,47.007301,-95.099998
500814,47.021999,-95.071602
500814,47.021999,-95.057198
500816,47.3783,-93.413002
500816,47.384899,-93.423302
500816,47.391899,-93.440201
500816,47.388,-93.445297
500816,47.387901,-93.459198
500816,47.388599,-93.472397
500816,47.388802,-93.4907
500816,47.389301,-93.521004
500816,47.390301,-93.540802
500816,47.3923,-93.556396
500817,47.646099,-92.760902
500817,47.637901,-92.764297
500817,47.616001,-92.763
500817,47.615601,-92.749603
500817,47.615601,-92.736298
500817,47.609901,-92.731003
500817,47.601898,-92.7314
500817,47.5951,-92.730797
500817,47.585098,-92.7313
500817,47.5732,-92.731598
500821,46.018501,-95.398201
500821,46.005299,-95.362297
500821,46.002701,-95.334198
500821,46.007801,-95.325996
500821,46.0493534,-95.2618209
500821,46.054667,-95.2707457
500821,46.0713573,-95.2712661
500821,46.0779742,-95.2950422
500821,46.0919457,-95.3337649
500821,46.0975071,-95.3966458
500821,46.048901,-95.4916
500821,46.0382,-95.459602
500821,46.030998,-95.436203
500821,46.028198,-95.426201
500821,46.012901,-95.375
500821,45.993599,-95.346901
500822,46.370399,-94.193001
500822,46.362202,-94.194504
500822,46.347801,-94.2062
500822,46.3619,-94.218903
500822,46.3806,-94.220001
500822,46.396999,-94.217102
500822,46.3909,-94.193001
500822,46.370602,-94.165901
500822,46.370399,-94.159302
500822,46.385899,-94.147202
500823,46.431499,-93.8256
500823,46.426998,-93.824699
500823,46.4245,-93.841202
500823,46.4347,-93.841797
500823,46.439201,-93.834702
500823,46.439499,-93.825302
500823,46.442001,-93.811996
500823,46.444901,-93.841301
500823,46.452099,-93.8311
500823,46.459999,-93.829002
500824,46.6418,-92.425903
500824,46.6166,-92.451401
500824,46.6049,-92.464897
500824,46.59,-92.495796
500824,46.622799,-92.510696
500824,46.592499,-92.529503
500824,46.5312,-92.550797
500824,46.5345,-92.5345
500824,46.534401,-92.5215
500824,46.541302,-92.508202
500827,45.745098,-95.625198
500827,45.739899,-95.631897
500827,45.730099,-95.633904
500827,45.721199,-95.633797
500827,45.7118,-95.633904
500827,45.703899,-95.635002
500827,45.697498,-95.632401
500827,45.688099,-95.628601
500827,45.684101,-95.628998
500827,45.673401,-95.6287
500829,45.0578,-93.105598
500829,45.077099,-93.105499
500829,45.1064,-93.127197
500829,45.138802,-93.125801
500829,45.150101,-93.087601
500829,45.1558,-93.088699
500829,45.145302,-93.073097
500829,45.1581,-93.056099
500829,45.176899,-93.070801
500829,45.189098,-93.072304
500834,44.743,-93.5336
500834,44.727402,-93.5196
500834,44.6875,-93.509903
500834,44.695499,-93.472397
500834,44.649899,-93.517502
500834,44.638599,-93.517403
500834,44.6217,-93.5252
500834,44.612301,-93.543404
500834,44.604599,-93.543098
500834,44.592499,-93.508202
500835,44.3301477,-91.9595703
500835,44.326199,-92.060898
500835,44.332901,-92.07
500835,44.3396,-92.077499
500835,44.344002,-92.092201
500835,44.348,-92.103996
500835,44.3475,-92.112801
500835,44.325901,-92.135902
500835,44.3204,-92.127098
500835,44.309399,-92.117599
500835,44.3032,-92.122704
500838,43.761101,-95.806099
500838,43.6684,-95.665497
500838,43.625702,-95.617996
500838,43.6269,-95.631302
500838,43.603199,-95.629402
500838,43.614201,-95.5802
500838,43.576698,-95.573898
500838,43.549,-95.554001
500838,43.5784,-95.533501
500838,43.627201,-95.577698
500893,47.6814,-94.629799
500893,47.675999,-94.622299
500893,47.666901,-94.618698
500893,47.654598,-94.596001
500893,47.6399,-94.556602
500893,47.635601,-94.549698
500893,47.625301,-94.5326
500893,47.6161,-94.510201
500893,47.593399,-94.507797
500893,47.5863,-94.4944
500895,44.970798,-93.651802
500895,44.969101,-93.6791
500895,44.975101,-93.680901
500895,44.974602,-93.689697
500895,44.975601,-93.695999
500895,44.972599,-93.696701
500895,44.954201,-93.707397
500895,44.969002,-93.707199
500895,44.9758,-93.7062
500895,44.966301,-93.725899
500895,44.969299,-93.731499
500914,47.196201,-95.252998
500914,47.199402,-95.241699
500914,47.193901,-95.2304
500914,47.193802,-95.216797
500914,47.190201,-95.205902
500914,47.191502,-95.191704
500914,47.190102,-95.181297
500914,47.188999,-95.168098
500914,47.1758,-95.166603
500914,47.165001,-95.166496
500916,47.678001,-92.991898
500916,47.676601,-92.976196
500916,47.6646,-92.975601
500916,47.660999,-92.984901
500916,47.661301,-93.006599
500916,47.6618,-93.0196
500916,47.665001,-93.028503
500916,47.665501,-93.033699
500916,47.661301,-93.040298
500916,47.651299,-93.055603
500921,46.500801,-95.061798
500921,46.4991,-95.076401
500921,46.484501,-95.124702
500921,46.513802,-95.127899
500921,46.527,-95.114197
500921,46.528702,-95.086403
500921,46.528599,-95.070099
500921,46.5163,-95.061699
500921,46.514,-95.049797
500921,46.490799,-95.009804
500922,45.997898,-94.933403
500922,45.997799,-94.940804
500922,45.997601,-94.958
500922,46.002399,-94.9683
500922,46.014301,-94.985001
500922,46.021999,-95.002502
500922,46.023899,-95.013298
500922,46.021999,-95.021896
500922,46.019699,-95.033501
500922,46.014999,-95.034203
500923,46.025902,-93.159698
500923,46.046799,-93.159401
500923,46.0541,-93.1418
500923,46.0714,-93.1381
500923,46.0825,-93.117401
500923,46.085999,-93.105797
500923,46.0858,-93.091904
500923,46.087601,-93.075897
500923,46.098801,-93.0756
500923,46.128899,-93.073502
500924,46.963001,-92.090202
500924,46.966499,-92.115601
500924,46.959599,-92.124496
500924,46.9669,-92.136299
500924,46.966999,-92.1492
500924,46.975399,-92.1297
500924,46.983002,-92.121803
500924,46.995998,-92.117798
500924,46.995899,-92.1073
500924,46.976501,-92.111702
500929,45.670601,-93.287102
500929,45.655102,-93.287003
500929,45.641399,-93.2873
500929,45.632401,-93.285797
500929,45.6306,-93.301399
500929,45.642899,-93.307198
500929,45.652901,-93.306702
500929,45.664299,-93.306602
500929,45.672901,-93.306297
500929,45.673,-93.293198
500932,44.715801,-95.253304
500932,44.716099,-95.267502
500932,44.716301,-95.285698
500932,44.752499,-95.299698
500932,44.760201,-95.290398
500932,44.759899,-95.308899
500932,44.759899,-95.324699
500932,44.757599,-95.3423
500932,44.760101,-95.374603
500932,44.7738,-95.396103
500934,44.277699,-93.241699
500934,44.280499,-93.247101
500934,44.330399,-93.302498
500934,44.336399,-93.3022
500934,44.3414,-93.295303
500934,44.357601,-93.301903
500934,44.365398,-93.3022
500934,44.3634,-93.322098
500934,44.345901,-93.322601
500934,44.339001,-93.322601
500935,44.916401,-92.785103
500935,44.918598,-92.801399
500935,44.912498,-92.827499
500935,44.934799,-92.842499
500935,44.942799,-92.841797
500935,44.939602,-92.8293
500935,44.931702,-92.8078
500935,44.9277,-92.802498
500935,44.941002,-92.7967
500935,44.910099,-92.7799
500991,45.3442,-94.1838
500991,45.3522,-94.183899
500991,45.363098,-94.1754
500991,45.362999,-94.162102
500991,45.3498,-94.170799
500991,45.3659,-94.1437
500991,45.3634,-94.138199
500991,45.350498,-94.138199
500991,45.3283,-94.1577
500991,45.3204,-94.1651
500991,45.372601,-94.153297
500991,45.3186,-94.147903
500993,46.985802,-94.8526
500993,46.9827,-94.865997
500993,47.009602,-94.924103
500993,47.011299,-94.933403
500993,47.044998,-94.913101
500993,47.051701,-94.916901
500993,47.066601,-94.966599
500993,47.0756,-94.9795
500993,47.104099,-94.980301
500993,47.1194,-94.9814
500995,44.9105,-93.003197
500995,44.914101,-93.001701
500995,44.9179,-92.9944
500995,44.922199,-92.991501
500995,44.924801,-93.003799
500995,44.93,-92.992798
500995,44.9319,-93.001801
500995,44.942699,-93
500995,44.961102,-92.992203
500995,44.967098,-92.995201
501021,46.297401,-95.592499
501021,46.289101,-95.596703
501021,46.291,-95.606201
501021,46.271198,-95.625999
501021,46.266399,-95.6054
501021,46.258999,-95.5737
501021,46.260899,-95.546799
501021,46.281502,-95.567001
501021,46.2827,-95.583801
501021,46.2841,-95.596397
501022,46.034901,-94.353203
501022,46.034599,-94.365196
501022,46.034302,-94.386398
501022,46.042,-94.421997
501022,46.042702,-94.459099
501022,46.047298,-94.472504
501022,46.049999,-94.632896
501022,46.0578,-94.6138
501022,46.064201,-94.576698
501022,46.0774,-94.579903
501023,46.137501,-93.724403
501023,46.1367,-93.764503
501023,46.126499,-93.760399
501023,46.102299,-93.723099
501023,46.096699,-93.743698
501023,46.131901,-93.723701
501023,46.144699,-93.724503
501023,46.132099,-93.689499
501023,46.158298,-93.7658
501023,46.1516,-93.746101
501029,45.601398,-93.489998
501029,45.602901,-93.512001
501029,45.612598,-93.510902
501029,45.623299,-93.510803
501029,45.624599,-93.5009
501029,45.616402,-93.499702
501029,45.616299,-93.492401
501029,45.616501,-93.477203
501029,45.621201,-93.472397
501029,45.634102,-93.468697
501034,44.713501,-93.345596
501034,44.695301,-93.360001
501034,44.689602,-93.388397
501034,44.652302,-93.386398
501034,44.641701,-93.399597
501034,44.630299,-93.410202
501034,44.622398,-93.414902
501034,44.7243,-93.366402
501034,44.721401,-93.344902
501034,44.7318,-93.3368
501095,44.977299,-93.002602
501095,44.982101,-92.993301
501095,44.988701,-92.991798
501095,44.994099,-92.995399
501095,44.995602,-93.009003
501095,45.0079,-93.005997
501095,45.003799,-93.022003
501095,45.008701,-93.030998
501095,45.0037,-93.035698
501095,44.9935,-93.034103
501122,46.977699,-94.323196
501122,46.977699,-94.337303
501122,46.970299,-94.330597
501122,46.9631,-94.339401
501122,46.957199,-94.3461
501122,46.952202,-94.352798
501122,46.935799,-94.347298
501122,46.930199,-94.360497
501122,46.944698,-94.358597
501122,46.9338,-94.406303
501129,45.283699,-93.422401
501129,45.2794,-93.426498
501129,45.272202,-93.4487
501129,45.2687,-93.455704
501129,45.274101,-93.4599
501129,45.284901,-93.460503
501129,45.289799,-93.467499
501129,45.288898,-93.473801
501129,45.287701,-93.448402
501129,45.283298,-93.439598
501134,44.179501,-93.982697
501134,44.1819,-93.961304
501134,44.181099,-93.923103
501134,44.1875,-93.908897
501134,44.206501,-93.889099
501134,44.203899,-93.846199
501134,44.226799,-93.823799
501134,44.239201,-93.833199
501134,44.237598,-93.870796
501134,44.214298,-93.868599
501195,45.013901,-93.045502
501195,45.018799,-93.033203
501195,45.0224,-93.017197
501195,45.0173,-93.012001
501195,45.028301,-93.053101
501195,45.027901,-93.0429
501195,45.0331,-93.026901
501195,45.028599,-93.015404
501195,45.033199,-93.000702
501195,45.031399,-92.987801
501229,45.777699,-93.266502
501229,45.796001,-93.263702
501229,45.8102,-93.265602
501229,45.8395,-93.258003
501229,45.852402,-93.225998
501229,45.868801,-93.195
501229,45.889801,-93.179199
501229,45.941101,-93.184402
501229,45.961601,-93.184502
501229,45.9809,-93.166603
501434,44.902699,-93.4412
501434,44.933998,-93.457199
501434,44.943401,-93.434303
501434,44.942402,-93.476997
501434,44.953098,-93.487503
501434,44.932999,-93.498703
501434,44.911301,-93.476196
501434,44.899399,-93.473602
501434,44.890099,-93.471397
501434,44.9067,-93.4589
